test_type,pde,hard_rank,split,source_sample_id,historical_sample_index,subset_index,historical_rel_l2_a,historical_rel_l2_u,historical_pde_residual_norm,historical_run_dir,historical_zeta_obs_u,historical_zeta_pde,source_data_path,subset_path
id,poisson,1,tune,672,12,0,0.838400661945343,0.25980859994888306,0.04425404593348503,outputs/MAIN1000_100_TEST_id/poisson/inverse/obs_pde_endpoint_stochastic_constant_pdegate-s0.8-r0_global_norm50_random500_noise0_uniform100_euler_res-auto-K3-int1-w1_bc-dirichlet_zero-bcw1_epw1/20260829-115423,360000000.0,0.3,/home/tat512/share/PDEdata/poisson/poisson_test_10000-128-128_id.mat,/home/tat512/C01Python/FM4PDE/artifacts/inverse_hard_tuning/subsets/tune/poisson_id.mat
id,poisson,2,holdout,588,8,0,0.8122544288635254,0.14795748889446259,0.045353807508945465,outputs/MAIN1000_100_TEST_id/poisson/inverse/obs_pde_endpoint_stochastic_constant_pdegate-s0.8-r0_global_norm50_random500_noise0_uniform100_euler_res-auto-K3-int1-w1_bc-dirichlet_zero-bcw1_epw1/20260829-115106,360000000.0,0.3,/home/tat512/share/PDEdata/poisson/poisson_test_10000-128-128_id.mat,/home/tat512/C01Python/FM4PDE/artifacts/inverse_hard_tuning/subsets/holdout/poisson_id.mat
id,poisson,3,tune,602,2,1,0.7850970029830933,0.21099445223808289,0.041820645332336426,outputs/MAIN1000_100_TEST_id/poisson/inverse/obs_pde_endpoint_stochastic_constant_pdegate-s0.8-r0_global_norm50_random500_noise0_uniform100_euler_res-auto-K3-int1-w1_bc-dirichlet_zero-bcw1_epw1/20260829-115155,360000000.0,0.3,/home/tat512/share/PDEdata/poisson/poisson_test_10000-128-128_id.mat,/home/tat512/C01Python/FM4PDE/artifacts/inverse_hard_tuning/subsets/tune/poisson_id.mat
id,poisson,4,holdout,726,6,1,0.77836012840271,0.09923793375492096,0.030063362792134285,outputs/MAIN1000_100_TEST_id/poisson/inverse/obs_pde_endpoint_stochastic_constant_pdegate-s0.8-r0_global_norm50_random500_noise0_uniform100_euler_res-auto-K3-int1-w1_bc-dirichlet_zero-bcw1_epw1/20260829-115649,360000000.0,0.3,/home/tat512/share/PDEdata/poisson/poisson_test_10000-128-128_id.mat,/home/tat512/C01Python/FM4PDE/artifacts/inverse_hard_tuning/subsets/holdout/poisson_id.mat
id,poisson,5,tune,307,7,2,0.7780370116233826,0.3203977048397064,0.03424423933029175,outputs/MAIN1000_100_TEST_id/poisson/inverse/obs_pde_endpoint_stochastic_constant_pdegate-s0.8-r0_global_norm50_random500_noise0_uniform100_euler_res-auto-K3-int1-w1_bc-dirichlet_zero-bcw1_epw1/20260829-113932,360000000.0,0.3,/home/tat512/share/PDEdata/poisson/poisson_test_10000-128-128_id.mat,/home/tat512/C01Python/FM4PDE/artifacts/inverse_hard_tuning/subsets/tune/poisson_id.mat
id,poisson,6,holdout,654,14,2,0.745462954044342,0.1568356156349182,0.040102891623973846,outputs/MAIN1000_100_TEST_id/poisson/inverse/obs_pde_endpoint_stochastic_constant_pdegate-s0.8-r0_global_norm50_random500_noise0_uniform100_euler_res-auto-K3-int1-w1_bc-dirichlet_zero-bcw1_epw1/20260829-115334,360000000.0,0.3,/home/tat512/share/PDEdata/poisson/poisson_test_10000-128-128_id.mat,/home/tat512/C01Python/FM4PDE/artifacts/inverse_hard_tuning/subsets/holdout/poisson_id.mat
id,poisson,7,tune,222,2,3,0.7352644205093384,0.15767455101013184,0.038696713745594025,outputs/MAIN1000_100_TEST_id/poisson/inverse/obs_pde_endpoint_stochastic_constant_pdegate-s0.8-r0_global_norm50_random500_noise0_uniform100_euler_res-auto-K3-int1-w1_bc-dirichlet_zero-bcw1_epw1/20260829-113613,360000000.0,0.3,/home/tat512/share/PDEdata/poisson/poisson_test_10000-128-128_id.mat,/home/tat512/C01Python/FM4PDE/artifacts/inverse_hard_tuning/subsets/tune/poisson_id.mat
id,poisson,8,holdout,866,6,3,0.7254082560539246,0.39996546506881714,0.02618568204343319,outputs/MAIN1000_100_TEST_id/poisson/inverse/obs_pde_endpoint_stochastic_constant_pdegate-s0.8-r0_global_norm50_random500_noise0_uniform100_euler_res-auto-K3-int1-w1_bc-dirichlet_zero-bcw1_epw1/20260829-120234,360000000.0,0.3,/home/tat512/share/PDEdata/poisson/poisson_test_10000-128-128_id.mat,/home/tat512/C01Python/FM4PDE/artifacts/inverse_hard_tuning/subsets/holdout/poisson_id.mat
id,poisson,9,tune,46,6,4,0.7194363474845886,0.17566746473312378,0.02808748558163643,outputs/MAIN1000_100_TEST_id/poisson/inverse/obs_pde_endpoint_stochastic_constant_pdegate-s0.8-r0_global_norm50_random500_noise0_uniform100_euler_res-auto-K3-int1-w1_bc-dirichlet_zero-bcw1_epw1/20260829-112845,360000000.0,0.3,/home/tat512/share/PDEdata/poisson/poisson_test_10000-128-128_id.mat,/home/tat512/C01Python/FM4PDE/artifacts/inverse_hard_tuning/subsets/tune/poisson_id.mat
id,poisson,10,holdout,55,15,4,0.71873539686203,0.1617179811000824,0.04386018216609955,outputs/MAIN1000_100_TEST_id/poisson/inverse/obs_pde_endpoint_stochastic_constant_pdegate-s0.8-r0_global_norm50_random500_noise0_uniform100_euler_res-auto-K3-int1-w1_bc-dirichlet_zero-bcw1_epw1/20260829-112845,360000000.0,0.3,/home/tat512/share/PDEdata/poisson/poisson_test_10000-128-128_id.mat,/home/tat512/C01Python/FM4PDE/artifacts/inverse_hard_tuning/subsets/holdout/poisson_id.mat
id,poisson,11,tune,785,5,5,0.7115698456764221,0.2054234743118286,0.05360608547925949,outputs/MAIN1000_100_TEST_id/poisson/inverse/obs_pde_endpoint_stochastic_constant_pdegate-s0.8-r0_global_norm50_random500_noise0_uniform100_euler_res-auto-K3-int1-w1_bc-dirichlet_zero-bcw1_epw1/20260829-115918,360000000.0,0.3,/home/tat512/share/PDEdata/poisson/poisson_test_10000-128-128_id.mat,/home/tat512/C01Python/FM4PDE/artifacts/inverse_hard_tuning/subsets/tune/poisson_id.mat
id,poisson,12,holdout,757,17,5,0.7053734660148621,0.19339153170585632,0.04480218514800072,outputs/MAIN1000_100_TEST_id/poisson/inverse/obs_pde_endpoint_stochastic_constant_pdegate-s0.8-r0_global_norm50_random500_noise0_uniform100_euler_res-auto-K3-int1-w1_bc-dirichlet_zero-bcw1_epw1/20260829-115739,360000000.0,0.3,/home/tat512/share/PDEdata/poisson/poisson_test_10000-128-128_id.mat,/home/tat512/C01Python/FM4PDE/artifacts/inverse_hard_tuning/subsets/holdout/poisson_id.mat
id,poisson,13,tune,424,4,6,0.6959093809127808,0.2798711359500885,0.03213466331362724,outputs/MAIN1000_100_TEST_id/poisson/inverse/obs_pde_endpoint_stochastic_constant_pdegate-s0.8-r0_global_norm50_random500_noise0_uniform100_euler_res-auto-K3-int1-w1_bc-dirichlet_zero-bcw1_epw1/20260829-114431,360000000.0,0.3,/home/tat512/share/PDEdata/poisson/poisson_test_10000-128-128_id.mat,/home/tat512/C01Python/FM4PDE/artifacts/inverse_hard_tuning/subsets/tune/poisson_id.mat
id,poisson,14,holdout,957,17,6,0.6870183348655701,0.1807854026556015,0.04670848324894905,outputs/MAIN1000_100_TEST_id/poisson/inverse/obs_pde_endpoint_stochastic_constant_pdegate-s0.8-r0_global_norm50_random500_noise0_uniform100_euler_res-auto-K3-int1-w1_bc-dirichlet_zero-bcw1_epw1/20260829-120549,360000000.0,0.3,/home/tat512/share/PDEdata/poisson/poisson_test_10000-128-128_id.mat,/home/tat512/C01Python/FM4PDE/artifacts/inverse_hard_tuning/subsets/holdout/poisson_id.mat
id,poisson,15,tune,778,18,7,0.6857612133026123,0.23370912671089172,0.030169658362865448,outputs/MAIN1000_100_TEST_id/poisson/inverse/obs_pde_endpoint_stochastic_constant_pdegate-s0.8-r0_global_norm50_random500_noise0_uniform100_euler_res-auto-K3-int1-w1_bc-dirichlet_zero-bcw1_epw1/20260829-115829,360000000.0,0.3,/home/tat512/share/PDEdata/poisson/poisson_test_10000-128-128_id.mat,/home/tat512/C01Python/FM4PDE/artifacts/inverse_hard_tuning/subsets/tune/poisson_id.mat
id,poisson,16,holdout,273,13,7,0.6849550008773804,0.1620347648859024,0.038981955498456955,outputs/MAIN1000_100_TEST_id/poisson/inverse/obs_pde_endpoint_stochastic_constant_pdegate-s0.8-r0_global_norm50_random500_noise0_uniform100_euler_res-auto-K3-int1-w1_bc-dirichlet_zero-bcw1_epw1/20260829-113751,360000000.0,0.3,/home/tat512/share/PDEdata/poisson/poisson_test_10000-128-128_id.mat,/home/tat512/C01Python/FM4PDE/artifacts/inverse_hard_tuning/subsets/holdout/poisson_id.mat
id,poisson,17,tune,321,1,8,0.6825745701789856,0.17323915660381317,0.03336995467543602,outputs/MAIN1000_100_TEST_id/poisson/inverse/obs_pde_endpoint_stochastic_constant_pdegate-s0.8-r0_global_norm50_random500_noise0_uniform100_euler_res-auto-K3-int1-w1_bc-dirichlet_zero-bcw1_epw1/20260829-114022,360000000.0,0.3,/home/tat512/share/PDEdata/poisson/poisson_test_10000-128-128_id.mat,/home/tat512/C01Python/FM4PDE/artifacts/inverse_hard_tuning/subsets/tune/poisson_id.mat
id,poisson,18,holdout,344,4,8,0.6763829588890076,0.1716398000717163,0.031233049929142,outputs/MAIN1000_100_TEST_id/poisson/inverse/obs_pde_endpoint_stochastic_constant_pdegate-s0.8-r0_global_norm50_random500_noise0_uniform100_euler_res-auto-K3-int1-w1_bc-dirichlet_zero-bcw1_epw1/20260829-114112,360000000.0,0.3,/home/tat512/share/PDEdata/poisson/poisson_test_10000-128-128_id.mat,/home/tat512/C01Python/FM4PDE/artifacts/inverse_hard_tuning/subsets/holdout/poisson_id.mat
id,poisson,19,tune,215,15,9,0.6751621961593628,0.20640647411346436,0.04134465008974075,outputs/MAIN1000_100_TEST_id/poisson/inverse/obs_pde_endpoint_stochastic_constant_pdegate-s0.8-r0_global_norm50_random500_noise0_uniform100_euler_res-auto-K3-int1-w1_bc-dirichlet_zero-bcw1_epw1/20260829-113523,360000000.0,0.3,/home/tat512/share/PDEdata/poisson/poisson_test_10000-128-128_id.mat,/home/tat512/C01Python/FM4PDE/artifacts/inverse_hard_tuning/subsets/tune/poisson_id.mat
id,poisson,20,holdout,655,15,9,0.669774055480957,0.13151636719703674,0.0428549200296402,outputs/MAIN1000_100_TEST_id/poisson/inverse/obs_pde_endpoint_stochastic_constant_pdegate-s0.8-r0_global_norm50_random500_noise0_uniform100_euler_res-auto-K3-int1-w1_bc-dirichlet_zero-bcw1_epw1/20260829-115334,360000000.0,0.3,/home/tat512/share/PDEdata/poisson/poisson_test_10000-128-128_id.mat,/home/tat512/C01Python/FM4PDE/artifacts/inverse_hard_tuning/subsets/holdout/poisson_id.mat
id,helmholtz,1,tune,672,12,0,0.8514360785484314,0.25128138065338135,0.055834945291280746,outputs/MAIN1000_100_TEST_id/helmholtz/inverse/obs_pde_endpoint_stochastic_constant_pdegate-s0.8-r0_global_norm50_random500_noise0_uniform100_euler_res-auto-K3-int1-w1_bc-dirichlet_zero-bcw1_epw1/20260829-133153,320000000.0,0.03,/home/tat512/share/PDEdata/helmholtz/helmholtz_test_10000-128-128_id.mat,/home/tat512/C01Python/FM4PDE/artifacts/inverse_hard_tuning/subsets/tune/helmholtz_id.mat
id,helmholtz,2,holdout,588,8,0,0.8229895234107971,0.15270166099071503,0.06181767210364342,outputs/MAIN1000_100_TEST_id/helmholtz/inverse/obs_pde_endpoint_stochastic_constant_pdegate-s0.8-r0_global_norm50_random500_noise0_uniform100_euler_res-auto-K3-int1-w1_bc-dirichlet_zero-bcw1_epw1/20260829-132736,320000000.0,0.03,/home/tat512/share/PDEdata/helmholtz/helmholtz_test_10000-128-128_id.mat,/home/tat512/C01Python/FM4PDE/artifacts/inverse_hard_tuning/subsets/holdout/helmholtz_id.mat
id,helmholtz,3,tune,726,6,1,0.8058620095252991,0.10670652240514755,0.05739973857998848,outputs/MAIN1000_100_TEST_id/helmholtz/inverse/obs_pde_endpoint_stochastic_constant_pdegate-s0.8-r0_global_norm50_random500_noise0_uniform100_euler_res-auto-K3-int1-w1_bc-dirichlet_zero-bcw1_epw1/20260829-133505,320000000.0,0.03,/home/tat512/share/PDEdata/helmholtz/helmholtz_test_10000-128-128_id.mat,/home/tat512/C01Python/FM4PDE/artifacts/inverse_hard_tuning/subsets/tune/helmholtz_id.mat
id,helmholtz,4,holdout,307,7,1,0.7944377660751343,0.31731534004211426,0.04475892707705498,outputs/MAIN1000_100_TEST_id/helmholtz/inverse/obs_pde_endpoint_stochastic_constant_pdegate-s0.8-r0_global_norm50_random500_noise0_uniform100_euler_res-auto-K3-int1-w1_bc-dirichlet_zero-bcw1_epw1/20260829-131233,320000000.0,0.03,/home/tat512/share/PDEdata/helmholtz/helmholtz_test_10000-128-128_id.mat,/home/tat512/C01Python/FM4PDE/artifacts/inverse_hard_tuning/subsets/holdout/helmholtz_id.mat
id,helmholtz,5,tune,602,2,2,0.7909433841705322,0.2013273388147354,0.060609862208366394,outputs/MAIN1000_100_TEST_id/helmholtz/inverse/obs_pde_endpoint_stochastic_constant_pdegate-s0.8-r0_global_norm50_random500_noise0_uniform100_euler_res-auto-K3-int1-w1_bc-dirichlet_zero-bcw1_epw1/20260829-132840,320000000.0,0.03,/home/tat512/share/PDEdata/helmholtz/helmholtz_test_10000-128-128_id.mat,/home/tat512/C01Python/FM4PDE/artifacts/inverse_hard_tuning/subsets/tune/helmholtz_id.mat
id,helmholtz,6,holdout,222,2,2,0.7621518969535828,0.16286782920360565,0.060486335307359695,outputs/MAIN1000_100_TEST_id/helmholtz/inverse/obs_pde_endpoint_stochastic_constant_pdegate-s0.8-r0_global_norm50_random500_noise0_uniform100_euler_res-auto-K3-int1-w1_bc-dirichlet_zero-bcw1_epw1/20260829-130816,320000000.0,0.03,/home/tat512/share/PDEdata/helmholtz/helmholtz_test_10000-128-128_id.mat,/home/tat512/C01Python/FM4PDE/artifacts/inverse_hard_tuning/subsets/holdout/helmholtz_id.mat
id,helmholtz,7,tune,55,15,3,0.7480136752128601,0.1657072752714157,0.059847693890333176,outputs/MAIN1000_100_TEST_id/helmholtz/inverse/obs_pde_endpoint_stochastic_constant_pdegate-s0.8-r0_global_norm50_random500_noise0_uniform100_euler_res-auto-K3-int1-w1_bc-dirichlet_zero-bcw1_epw1/20260829-125841,320000000.0,0.03,/home/tat512/share/PDEdata/helmholtz/helmholtz_test_10000-128-128_id.mat,/home/tat512/C01Python/FM4PDE/artifacts/inverse_hard_tuning/subsets/tune/helmholtz_id.mat
id,helmholtz,8,holdout,46,6,3,0.7445470094680786,0.19893096387386322,0.047555744647979736,outputs/MAIN1000_100_TEST_id/helmholtz/inverse/obs_pde_endpoint_stochastic_constant_pdegate-s0.8-r0_global_norm50_random500_noise0_uniform100_euler_res-auto-K3-int1-w1_bc-dirichlet_zero-bcw1_epw1/20260829-125841,320000000.0,0.03,/home/tat512/share/PDEdata/helmholtz/helmholtz_test_10000-128-128_id.mat,/home/tat512/C01Python/FM4PDE/artifacts/inverse_hard_tuning/subsets/holdout/helmholtz_id.mat
id,helmholtz,9,tune,654,14,4,0.7442514896392822,0.14891548454761505,0.06427939981222153,outputs/MAIN1000_100_TEST_id/helmholtz/inverse/obs_pde_endpoint_stochastic_constant_pdegate-s0.8-r0_global_norm50_random500_noise0_uniform100_euler_res-auto-K3-int1-w1_bc-dirichlet_zero-bcw1_epw1/20260829-133048,320000000.0,0.03,/home/tat512/share/PDEdata/helmholtz/helmholtz_test_10000-128-128_id.mat,/home/tat512/C01Python/FM4PDE/artifacts/inverse_hard_tuning/subsets/tune/helmholtz_id.mat
id,helmholtz,10,holdout,866,6,4,0.728837251663208,0.41579321026802063,0.04224664717912674,outputs/MAIN1000_100_TEST_id/helmholtz/inverse/obs_pde_endpoint_stochastic_constant_pdegate-s0.8-r0_global_norm50_random500_noise0_uniform100_euler_res-auto-K3-int1-w1_bc-dirichlet_zero-bcw1_epw1/20260829-134235,320000000.0,0.03,/home/tat512/share/PDEdata/helmholtz/helmholtz_test_10000-128-128_id.mat,/home/tat512/C01Python/FM4PDE/artifacts/inverse_hard_tuning/subsets/holdout/helmholtz_id.mat
id,helmholtz,11,tune,757,17,5,0.7184539437294006,0.18302085995674133,0.06621064245700836,outputs/MAIN1000_100_TEST_id/helmholtz/inverse/obs_pde_endpoint_stochastic_constant_pdegate-s0.8-r0_global_norm50_random500_noise0_uniform100_euler_res-auto-K3-int1-w1_bc-dirichlet_zero-bcw1_epw1/20260829-133610,320000000.0,0.03,/home/tat512/share/PDEdata/helmholtz/helmholtz_test_10000-128-128_id.mat,/home/tat512/C01Python/FM4PDE/artifacts/inverse_hard_tuning/subsets/tune/helmholtz_id.mat
id,helmholtz,12,holdout,957,17,5,0.716157078742981,0.19338029623031616,0.06536713987588882,outputs/MAIN1000_100_TEST_id/helmholtz/inverse/obs_pde_endpoint_stochastic_constant_pdegate-s0.8-r0_global_norm50_random500_noise0_uniform100_euler_res-auto-K3-int1-w1_bc-dirichlet_zero-bcw1_epw1/20260829-134642,320000000.0,0.03,/home/tat512/share/PDEdata/helmholtz/helmholtz_test_10000-128-128_id.mat,/home/tat512/C01Python/FM4PDE/artifacts/inverse_hard_tuning/subsets/holdout/helmholtz_id.mat
id,helmholtz,13,tune,785,5,6,0.709794819355011,0.18532288074493408,0.07221719622612,outputs/MAIN1000_100_TEST_id/helmholtz/inverse/obs_pde_endpoint_stochastic_constant_pdegate-s0.8-r0_global_norm50_random500_noise0_uniform100_euler_res-auto-K3-int1-w1_bc-dirichlet_zero-bcw1_epw1/20260829-133819,320000000.0,0.03,/home/tat512/share/PDEdata/helmholtz/helmholtz_test_10000-128-128_id.mat,/home/tat512/C01Python/FM4PDE/artifacts/inverse_hard_tuning/subsets/tune/helmholtz_id.mat
id,helmholtz,14,holdout,273,13,6,0.707319438457489,0.17032338678836823,0.06939864158630371,outputs/MAIN1000_100_TEST_id/helmholtz/inverse/obs_pde_endpoint_stochastic_constant_pdegate-s0.8-r0_global_norm50_random500_noise0_uniform100_euler_res-auto-K3-int1-w1_bc-dirichlet_zero-bcw1_epw1/20260829-131025,320000000.0,0.03,/home/tat512/share/PDEdata/helmholtz/helmholtz_test_10000-128-128_id.mat,/home/tat512/C01Python/FM4PDE/artifacts/inverse_hard_tuning/subsets/holdout/helmholtz_id.mat
id,helmholtz,15,tune,778,18,7,0.6975668668746948,0.24758119881153107,0.04313131049275398,outputs/MAIN1000_100_TEST_id/helmholtz/inverse/obs_pde_endpoint_stochastic_constant_pdegate-s0.8-r0_global_norm50_random500_noise0_uniform100_euler_res-auto-K3-int1-w1_bc-dirichlet_zero-bcw1_epw1/20260829-133714,320000000.0,0.03,/home/tat512/share/PDEdata/helmholtz/helmholtz_test_10000-128-128_id.mat,/home/tat512/C01Python/FM4PDE/artifacts/inverse_hard_tuning/subsets/tune/helmholtz_id.mat
id,helmholtz,16,holdout,655,15,7,0.6972474455833435,0.139480859041214,0.06353894621133804,outputs/MAIN1000_100_TEST_id/helmholtz/inverse/obs_pde_endpoint_stochastic_constant_pdegate-s0.8-r0_global_norm50_random500_noise0_uniform100_euler_res-auto-K3-int1-w1_bc-dirichlet_zero-bcw1_epw1/20260829-133048,320000000.0,0.03,/home/tat512/share/PDEdata/helmholtz/helmholtz_test_10000-128-128_id.mat,/home/tat512/C01Python/FM4PDE/artifacts/inverse_hard_tuning/subsets/holdout/helmholtz_id.mat
id,helmholtz,17,tune,215,15,8,0.6940211057662964,0.2042730450630188,0.06095266342163086,outputs/MAIN1000_100_TEST_id/helmholtz/inverse/obs_pde_endpoint_stochastic_constant_pdegate-s0.8-r0_global_norm50_random500_noise0_uniform100_euler_res-auto-K3-int1-w1_bc-dirichlet_zero-bcw1_epw1/20260829-130712,320000000.0,0.03,/home/tat512/share/PDEdata/helmholtz/helmholtz_test_10000-128-128_id.mat,/home/tat512/C01Python/FM4PDE/artifacts/inverse_hard_tuning/subsets/tune/helmholtz_id.mat
id,helmholtz,18,holdout,424,4,8,0.6910485029220581,0.2864510715007782,0.04463488608598709,outputs/MAIN1000_100_TEST_id/helmholtz/inverse/obs_pde_endpoint_stochastic_constant_pdegate-s0.8-r0_global_norm50_random500_noise0_uniform100_euler_res-auto-K3-int1-w1_bc-dirichlet_zero-bcw1_epw1/20260829-131901,320000000.0,0.03,/home/tat512/share/PDEdata/helmholtz/helmholtz_test_10000-128-128_id.mat,/home/tat512/C01Python/FM4PDE/artifacts/inverse_hard_tuning/subsets/holdout/helmholtz_id.mat
id,helmholtz,19,tune,321,1,9,0.6895034909248352,0.16820231080055237,0.050061386078596115,outputs/MAIN1000_100_TEST_id/helmholtz/inverse/obs_pde_endpoint_stochastic_constant_pdegate-s0.8-r0_global_norm50_random500_noise0_uniform100_euler_res-auto-K3-int1-w1_bc-dirichlet_zero-bcw1_epw1/20260829-131337,320000000.0,0.03,/home/tat512/share/PDEdata/helmholtz/helmholtz_test_10000-128-128_id.mat,/home/tat512/C01Python/FM4PDE/artifacts/inverse_hard_tuning/subsets/tune/helmholtz_id.mat
id,helmholtz,20,holdout,344,4,9,0.6890904903411865,0.16226501762866974,0.055121421813964844,outputs/MAIN1000_100_TEST_id/helmholtz/inverse/obs_pde_endpoint_stochastic_constant_pdegate-s0.8-r0_global_norm50_random500_noise0_uniform100_euler_res-auto-K3-int1-w1_bc-dirichlet_zero-bcw1_epw1/20260829-131442,320000000.0,0.03,/home/tat512/share/PDEdata/helmholtz/helmholtz_test_10000-128-128_id.mat,/home/tat512/C01Python/FM4PDE/artifacts/inverse_hard_tuning/subsets/holdout/helmholtz_id.mat
id,darcy,1,tune,672,12,0,0.5420024991035461,0.07769332826137543,0.8072500228881836,outputs/MAIN1000_100_TEST_id/darcy/inverse/obs_pde_endpoint_stochastic_constant_pdegate-s0.8-r0_global_norm50_random500_noise0_uniform100_euler_res-auto-K3-int1-w1_bc-dirichlet_zero-bcw1_epw1/20260829-143400,2000000000.0,0.03,/home/tat512/share/PDEdata/darcy/darcy_test_10000-128-128_id.mat,/home/tat512/C01Python/FM4PDE/artifacts/inverse_hard_tuning/subsets/tune/darcy_id.mat
id,darcy,2,holdout,574,14,0,0.5085926651954651,0.07397870719432831,0.7678931951522827,outputs/MAIN1000_100_TEST_id/darcy/inverse/obs_pde_endpoint_stochastic_constant_pdegate-s0.8-r0_global_norm50_random500_noise0_uniform100_euler_res-auto-K3-int1-w1_bc-dirichlet_zero-bcw1_epw1/20260829-143009,2000000000.0,0.03,/home/tat512/share/PDEdata/darcy/darcy_test_10000-128-128_id.mat,/home/tat512/C01Python/FM4PDE/artifacts/inverse_hard_tuning/subsets/holdout/darcy_id.mat
id,darcy,3,tune,586,6,1,0.5046485662460327,0.055864427238702774,0.8606240749359131,outputs/MAIN1000_100_TEST_id/darcy/inverse/obs_pde_endpoint_stochastic_constant_pdegate-s0.8-r0_global_norm50_random500_noise0_uniform100_euler_res-auto-K3-int1-w1_bc-dirichlet_zero-bcw1_epw1/20260829-143055,2000000000.0,0.03,/home/tat512/share/PDEdata/darcy/darcy_test_10000-128-128_id.mat,/home/tat512/C01Python/FM4PDE/artifacts/inverse_hard_tuning/subsets/tune/darcy_id.mat
id,darcy,4,holdout,627,7,1,0.48670920729637146,0.06716211140155792,0.8489193916320801,outputs/MAIN1000_100_TEST_id/darcy/inverse/obs_pde_endpoint_stochastic_constant_pdegate-s0.8-r0_global_norm50_random500_noise0_uniform100_euler_res-auto-K3-int1-w1_bc-dirichlet_zero-bcw1_epw1/20260829-143227,2000000000.0,0.03,/home/tat512/share/PDEdata/darcy/darcy_test_10000-128-128_id.mat,/home/tat512/C01Python/FM4PDE/artifacts/inverse_hard_tuning/subsets/holdout/darcy_id.mat
id,darcy,5,tune,363,3,2,0.4866374135017395,0.060143664479255676,0.7139069437980652,outputs/MAIN1000_100_TEST_id/darcy/inverse/obs_pde_endpoint_stochastic_constant_pdegate-s0.8-r0_global_norm50_random500_noise0_uniform100_euler_res-auto-K3-int1-w1_bc-dirichlet_zero-bcw1_epw1/20260829-142227,2000000000.0,0.03,/home/tat512/share/PDEdata/darcy/darcy_test_10000-128-128_id.mat,/home/tat512/C01Python/FM4PDE/artifacts/inverse_hard_tuning/subsets/tune/darcy_id.mat
id,darcy,6,holdout,108,8,2,0.4821303188800812,0.06764554977416992,0.6629477143287659,outputs/MAIN1000_100_TEST_id/darcy/inverse/obs_pde_endpoint_stochastic_constant_pdegate-s0.8-r0_global_norm50_random500_noise0_uniform100_euler_res-auto-K3-int1-w1_bc-dirichlet_zero-bcw1_epw1/20260829-141226,2000000000.0,0.03,/home/tat512/share/PDEdata/darcy/darcy_test_10000-128-128_id.mat,/home/tat512/C01Python/FM4PDE/artifacts/inverse_hard_tuning/subsets/holdout/darcy_id.mat
id,darcy,7,tune,676,16,3,0.4807784855365753,0.09171051532030106,0.970299243927002,outputs/MAIN1000_100_TEST_id/darcy/inverse/obs_pde_endpoint_stochastic_constant_pdegate-s0.8-r0_global_norm50_random500_noise0_uniform100_euler_res-auto-K3-int1-w1_bc-dirichlet_zero-bcw1_epw1/20260829-143400,2000000000.0,0.03,/home/tat512/share/PDEdata/darcy/darcy_test_10000-128-128_id.mat,/home/tat512/C01Python/FM4PDE/artifacts/inverse_hard_tuning/subsets/tune/darcy_id.mat
id,darcy,8,holdout,241,1,3,0.47271764278411865,0.057600297033786774,0.8196617960929871,outputs/MAIN1000_100_TEST_id/darcy/inverse/obs_pde_endpoint_stochastic_constant_pdegate-s0.8-r0_global_norm50_random500_noise0_uniform100_euler_res-auto-K3-int1-w1_bc-dirichlet_zero-bcw1_epw1/20260829-141750,2000000000.0,0.03,/home/tat512/share/PDEdata/darcy/darcy_test_10000-128-128_id.mat,/home/tat512/C01Python/FM4PDE/artifacts/inverse_hard_tuning/subsets/holdout/darcy_id.mat
id,darcy,9,tune,894,14,4,0.4696701169013977,0.074043408036232,0.7550064325332642,outputs/MAIN1000_100_TEST_id/darcy/inverse/obs_pde_endpoint_stochastic_constant_pdegate-s0.8-r0_global_norm50_random500_noise0_uniform100_euler_res-auto-K3-int1-w1_bc-dirichlet_zero-bcw1_epw1/20260829-144229,2000000000.0,0.03,/home/tat512/share/PDEdata/darcy/darcy_test_10000-128-128_id.mat,/home/tat512/C01Python/FM4PDE/artifacts/inverse_hard_tuning/subsets/tune/darcy_id.mat
id,darcy,10,holdout,831,11,4,0.46831488609313965,0.05906081199645996,0.6283329725265503,outputs/MAIN1000_100_TEST_id/darcy/inverse/obs_pde_endpoint_stochastic_constant_pdegate-s0.8-r0_global_norm50_random500_noise0_uniform100_euler_res-auto-K3-int1-w1_bc-dirichlet_zero-bcw1_epw1/20260829-144009,2000000000.0,0.03,/home/tat512/share/PDEdata/darcy/darcy_test_10000-128-128_id.mat,/home/tat512/C01Python/FM4PDE/artifacts/inverse_hard_tuning/subsets/holdout/darcy_id.mat
id,darcy,11,tune,317,17,5,0.46461692452430725,0.059917617589235306,0.7367121577262878,outputs/MAIN1000_100_TEST_id/darcy/inverse/obs_pde_endpoint_stochastic_constant_pdegate-s0.8-r0_global_norm50_random500_noise0_uniform100_euler_res-auto-K3-int1-w1_bc-dirichlet_zero-bcw1_epw1/20260829-142009,2000000000.0,0.03,/home/tat512/share/PDEdata/darcy/darcy_test_10000-128-128_id.mat,/home/tat512/C01Python/FM4PDE/artifacts/inverse_hard_tuning/subsets/tune/darcy_id.mat
id,darcy,12,holdout,778,18,5,0.4631810784339905,0.06691143661737442,0.872869074344635,outputs/MAIN1000_100_TEST_id/darcy/inverse/obs_pde_endpoint_stochastic_constant_pdegate-s0.8-r0_global_norm50_random500_noise0_uniform100_euler_res-auto-K3-int1-w1_bc-dirichlet_zero-bcw1_epw1/20260829-143751,2000000000.0,0.03,/home/tat512/share/PDEdata/darcy/darcy_test_10000-128-128_id.mat,/home/tat512/C01Python/FM4PDE/artifacts/inverse_hard_tuning/subsets/holdout/darcy_id.mat
id,darcy,13,tune,466,6,6,0.46163085103034973,0.06281581521034241,0.6446930170059204,outputs/MAIN1000_100_TEST_id/darcy/inverse/obs_pde_endpoint_stochastic_constant_pdegate-s0.8-r0_global_norm50_random500_noise0_uniform100_euler_res-auto-K3-int1-w1_bc-dirichlet_zero-bcw1_epw1/20260829-142618,2000000000.0,0.03,/home/tat512/share/PDEdata/darcy/darcy_test_10000-128-128_id.mat,/home/tat512/C01Python/FM4PDE/artifacts/inverse_hard_tuning/subsets/tune/darcy_id.mat
id,darcy,14,holdout,349,9,6,0.45470941066741943,0.06356407701969147,0.6154781579971313,outputs/MAIN1000_100_TEST_id/darcy/inverse/obs_pde_endpoint_stochastic_constant_pdegate-s0.8-r0_global_norm50_random500_noise0_uniform100_euler_res-auto-K3-int1-w1_bc-dirichlet_zero-bcw1_epw1/20260829-142141,2000000000.0,0.03,/home/tat512/share/PDEdata/darcy/darcy_test_10000-128-128_id.mat,/home/tat512/C01Python/FM4PDE/artifacts/inverse_hard_tuning/subsets/holdout/darcy_id.mat
id,darcy,15,tune,874,14,7,0.454475462436676,0.057401131838560104,0.7236103415489197,outputs/MAIN1000_100_TEST_id/darcy/inverse/obs_pde_endpoint_stochastic_constant_pdegate-s0.8-r0_global_norm50_random500_noise0_uniform100_euler_res-auto-K3-int1-w1_bc-dirichlet_zero-bcw1_epw1/20260829-144141,2000000000.0,0.03,/home/tat512/share/PDEdata/darcy/darcy_test_10000-128-128_id.mat,/home/tat512/C01Python/FM4PDE/artifacts/inverse_hard_tuning/subsets/tune/darcy_id.mat
id,darcy,16,holdout,392,12,7,0.45351773500442505,0.0618315227329731,0.6831985116004944,outputs/MAIN1000_100_TEST_id/darcy/inverse/obs_pde_endpoint_stochastic_constant_pdegate-s0.8-r0_global_norm50_random500_noise0_uniform100_euler_res-auto-K3-int1-w1_bc-dirichlet_zero-bcw1_epw1/20260829-142313,2000000000.0,0.03,/home/tat512/share/PDEdata/darcy/darcy_test_10000-128-128_id.mat,/home/tat512/C01Python/FM4PDE/artifacts/inverse_hard_tuning/subsets/holdout/darcy_id.mat
id,darcy,17,tune,783,3,8,0.43751707673072815,0.04763007536530495,0.7256314158439636,outputs/MAIN1000_100_TEST_id/darcy/inverse/obs_pde_endpoint_stochastic_constant_pdegate-s0.8-r0_global_norm50_random500_noise0_uniform100_euler_res-auto-K3-int1-w1_bc-dirichlet_zero-bcw1_epw1/20260829-143836,2000000000.0,0.03,/home/tat512/share/PDEdata/darcy/darcy_test_10000-128-128_id.mat,/home/tat512/C01Python/FM4PDE/artifacts/inverse_hard_tuning/subsets/tune/darcy_id.mat
id,darcy,18,holdout,777,17,8,0.43590694665908813,0.047441378235816956,1.1410338878631592,outputs/MAIN1000_100_TEST_id/darcy/inverse/obs_pde_endpoint_stochastic_constant_pdegate-s0.8-r0_global_norm50_random500_noise0_uniform100_euler_res-auto-K3-int1-w1_bc-dirichlet_zero-bcw1_epw1/20260829-143751,2000000000.0,0.03,/home/tat512/share/PDEdata/darcy/darcy_test_10000-128-128_id.mat,/home/tat512/C01Python/FM4PDE/artifacts/inverse_hard_tuning/subsets/holdout/darcy_id.mat
id,darcy,19,tune,588,8,9,0.4355645477771759,0.04759298264980316,0.8711557388305664,outputs/MAIN1000_100_TEST_id/darcy/inverse/obs_pde_endpoint_stochastic_constant_pdegate-s0.8-r0_global_norm50_random500_noise0_uniform100_euler_res-auto-K3-int1-w1_bc-dirichlet_zero-bcw1_epw1/20260829-143055,2000000000.0,0.03,/home/tat512/share/PDEdata/darcy/darcy_test_10000-128-128_id.mat,/home/tat512/C01Python/FM4PDE/artifacts/inverse_hard_tuning/subsets/tune/darcy_id.mat
id,darcy,20,holdout,780,0,9,0.43427303433418274,0.057480841875076294,0.734093427658081,outputs/MAIN1000_100_TEST_id/darcy/inverse/obs_pde_endpoint_stochastic_constant_pdegate-s0.8-r0_global_norm50_random500_noise0_uniform100_euler_res-auto-K3-int1-w1_bc-dirichlet_zero-bcw1_epw1/20260829-143836,2000000000.0,0.03,/home/tat512/share/PDEdata/darcy/darcy_test_10000-128-128_id.mat,/home/tat512/C01Python/FM4PDE/artifacts/inverse_hard_tuning/subsets/holdout/darcy_id.mat
id,nsnonbounded,1,tune,307,7,0,1.1393539905548096,1.0136204957962036,0.05605631694197655,outputs/MAIN1000_100_TEST_id/nsnonbounded/inverse/obs_pde_endpoint_stochastic_constant_pdegate-s0.8-r0_global_norm50_random500_noise0_uniform100_euler_res-secant_bc-none-bcw1_epw1/20260829-154350,240000.0,0.3,/home/tat512/share/PDEdata/nsnonbounded/nsnonbounded_test_10000-128-128-10_id.mat,/home/tat512/C01Python/FM4PDE/artifacts/inverse_hard_tuning/subsets/tune/nsnonbounded_id.mat
id,nsnonbounded,2,holdout,447,7,0,1.0826003551483154,0.9533345103263855,0.05530623346567154,outputs/MAIN1000_100_TEST_id/nsnonbounded/inverse/obs_pde_endpoint_stochastic_constant_pdegate-s0.8-r0_global_norm50_random500_noise0_uniform100_euler_res-secant_bc-none-bcw1_epw1/20260829-155529,240000.0,0.3,/home/tat512/share/PDEdata/nsnonbounded/nsnonbounded_test_10000-128-128-10_id.mat,/home/tat512/C01Python/FM4PDE/artifacts/inverse_hard_tuning/subsets/holdout/nsnonbounded_id.mat
id,nsnonbounded,3,tune,587,7,1,0.996554434299469,0.8913018107414246,0.056187983602285385,outputs/MAIN1000_100_TEST_id/nsnonbounded/inverse/obs_pde_endpoint_stochastic_constant_pdegate-s0.8-r0_global_norm50_random500_noise0_uniform100_euler_res-secant_bc-none-bcw1_epw1/20260829-160712,240000.0,0.3,/home/tat512/share/PDEdata/nsnonbounded/nsnonbounded_test_10000-128-128-10_id.mat,/home/tat512/C01Python/FM4PDE/artifacts/inverse_hard_tuning/subsets/tune/nsnonbounded_id.mat
id,nsnonbounded,4,holdout,691,11,1,0.9663538932800293,0.821197509765625,0.05323585122823715,outputs/MAIN1000_100_TEST_id/nsnonbounded/inverse/obs_pde_endpoint_stochastic_constant_pdegate-s0.8-r0_global_norm50_random500_noise0_uniform100_euler_res-secant_bc-none-bcw1_epw1/20260829-161530,240000.0,0.3,/home/tat512/share/PDEdata/nsnonbounded/nsnonbounded_test_10000-128-128-10_id.mat,/home/tat512/C01Python/FM4PDE/artifacts/inverse_hard_tuning/subsets/holdout/nsnonbounded_id.mat
id,nsnonbounded,5,tune,627,7,2,0.9651591777801514,0.8068896532058716,0.056678056716918945,outputs/MAIN1000_100_TEST_id/nsnonbounded/inverse/obs_pde_endpoint_stochastic_constant_pdegate-s0.8-r0_global_norm50_random500_noise0_uniform100_euler_res-secant_bc-none-bcw1_epw1/20260829-161032,240000.0,0.3,/home/tat512/share/PDEdata/nsnonbounded/nsnonbounded_test_10000-128-128-10_id.mat,/home/tat512/C01Python/FM4PDE/artifacts/inverse_hard_tuning/subsets/tune/nsnonbounded_id.mat
id,nsnonbounded,6,holdout,527,7,2,0.960213303565979,0.7092318534851074,0.05768301710486412,outputs/MAIN1000_100_TEST_id/nsnonbounded/inverse/obs_pde_endpoint_stochastic_constant_pdegate-s0.8-r0_global_norm50_random500_noise0_uniform100_euler_res-secant_bc-none-bcw1_epw1/20260829-160212,240000.0,0.3,/home/tat512/share/PDEdata/nsnonbounded/nsnonbounded_test_10000-128-128-10_id.mat,/home/tat512/C01Python/FM4PDE/artifacts/inverse_hard_tuning/subsets/holdout/nsnonbounded_id.mat
id,nsnonbounded,7,tune,227,7,3,0.9598432183265686,0.7337254285812378,0.05870623514056206,outputs/MAIN1000_100_TEST_id/nsnonbounded/inverse/obs_pde_endpoint_stochastic_constant_pdegate-s0.8-r0_global_norm50_random500_noise0_uniform100_euler_res-secant_bc-none-bcw1_epw1/20260829-153720,240000.0,0.3,/home/tat512/share/PDEdata/nsnonbounded/nsnonbounded_test_10000-128-128-10_id.mat,/home/tat512/C01Python/FM4PDE/artifacts/inverse_hard_tuning/subsets/tune/nsnonbounded_id.mat
id,nsnonbounded,8,holdout,927,7,3,0.9334931969642639,0.7092448472976685,0.05802156403660774,outputs/MAIN1000_100_TEST_id/nsnonbounded/inverse/obs_pde_endpoint_stochastic_constant_pdegate-s0.8-r0_global_norm50_random500_noise0_uniform100_euler_res-secant_bc-none-bcw1_epw1/20260829-163501,240000.0,0.3,/home/tat512/share/PDEdata/nsnonbounded/nsnonbounded_test_10000-128-128-10_id.mat,/home/tat512/C01Python/FM4PDE/artifacts/inverse_hard_tuning/subsets/holdout/nsnonbounded_id.mat
id,nsnonbounded,9,tune,87,7,4,0.9255912899971008,0.847771406173706,0.056146685034036636,outputs/MAIN1000_100_TEST_id/nsnonbounded/inverse/obs_pde_endpoint_stochastic_constant_pdegate-s0.8-r0_global_norm50_random500_noise0_uniform100_euler_res-secant_bc-none-bcw1_epw1/20260829-152537,240000.0,0.3,/home/tat512/share/PDEdata/nsnonbounded/nsnonbounded_test_10000-128-128-10_id.mat,/home/tat512/C01Python/FM4PDE/artifacts/inverse_hard_tuning/subsets/tune/nsnonbounded_id.mat
id,nsnonbounded,10,holdout,47,7,4,0.9184860587120056,0.8412774801254272,0.05699406936764717,outputs/MAIN1000_100_TEST_id/nsnonbounded/inverse/obs_pde_endpoint_stochastic_constant_pdegate-s0.8-r0_global_norm50_random500_noise0_uniform100_euler_res-secant_bc-none-bcw1_epw1/20260829-152216,240000.0,0.3,/home/tat512/share/PDEdata/nsnonbounded/nsnonbounded_test_10000-128-128-10_id.mat,/home/tat512/C01Python/FM4PDE/artifacts/inverse_hard_tuning/subsets/holdout/nsnonbounded_id.mat
id,nsnonbounded,11,tune,51,11,5,0.9130801558494568,0.6133534908294678,0.05236391723155975,outputs/MAIN1000_100_TEST_id/nsnonbounded/inverse/obs_pde_endpoint_stochastic_constant_pdegate-s0.8-r0_global_norm50_random500_noise0_uniform100_euler_res-secant_bc-none-bcw1_epw1/20260829-152216,240000.0,0.3,/home/tat512/share/PDEdata/nsnonbounded/nsnonbounded_test_10000-128-128-10_id.mat,/home/tat512/C01Python/FM4PDE/artifacts/inverse_hard_tuning/subsets/tune/nsnonbounded_id.mat
id,nsnonbounded,12,holdout,511,11,5,0.9083014130592346,0.7482489943504333,0.05361262336373329,outputs/MAIN1000_100_TEST_id/nsnonbounded/inverse/obs_pde_endpoint_stochastic_constant_pdegate-s0.8-r0_global_norm50_random500_noise0_uniform100_euler_res-secant_bc-none-bcw1_epw1/20260829-160031,240000.0,0.3,/home/tat512/share/PDEdata/nsnonbounded/nsnonbounded_test_10000-128-128-10_id.mat,/home/tat512/C01Python/FM4PDE/artifacts/inverse_hard_tuning/subsets/holdout/nsnonbounded_id.mat
id,nsnonbounded,13,tune,887,7,6,0.9068345427513123,0.7593766450881958,0.0574646033346653,outputs/MAIN1000_100_TEST_id/nsnonbounded/inverse/obs_pde_endpoint_stochastic_constant_pdegate-s0.8-r0_global_norm50_random500_noise0_uniform100_euler_res-secant_bc-none-bcw1_epw1/20260829-163145,240000.0,0.3,/home/tat512/share/PDEdata/nsnonbounded/nsnonbounded_test_10000-128-128-10_id.mat,/home/tat512/C01Python/FM4PDE/artifacts/inverse_hard_tuning/subsets/tune/nsnonbounded_id.mat
id,nsnonbounded,14,holdout,151,11,6,0.9019241333007812,0.6779236793518066,0.05255154147744179,outputs/MAIN1000_100_TEST_id/nsnonbounded/inverse/obs_pde_endpoint_stochastic_constant_pdegate-s0.8-r0_global_norm50_random500_noise0_uniform100_euler_res-secant_bc-none-bcw1_epw1/20260829-153039,240000.0,0.3,/home/tat512/share/PDEdata/nsnonbounded/nsnonbounded_test_10000-128-128-10_id.mat,/home/tat512/C01Python/FM4PDE/artifacts/inverse_hard_tuning/subsets/holdout/nsnonbounded_id.mat
id,nsnonbounded,15,tune,747,7,7,0.8845748901367188,0.6207937002182007,0.05880594253540039,outputs/MAIN1000_100_TEST_id/nsnonbounded/inverse/obs_pde_endpoint_stochastic_constant_pdegate-s0.8-r0_global_norm50_random500_noise0_uniform100_euler_res-secant_bc-none-bcw1_epw1/20260829-162023,240000.0,0.3,/home/tat512/share/PDEdata/nsnonbounded/nsnonbounded_test_10000-128-128-10_id.mat,/home/tat512/C01Python/FM4PDE/artifacts/inverse_hard_tuning/subsets/tune/nsnonbounded_id.mat
id,nsnonbounded,16,holdout,787,7,7,0.8706172108650208,0.7485308051109314,0.056602843105793,outputs/MAIN1000_100_TEST_id/nsnonbounded/inverse/obs_pde_endpoint_stochastic_constant_pdegate-s0.8-r0_global_norm50_random500_noise0_uniform100_euler_res-secant_bc-none-bcw1_epw1/20260829-162339,240000.0,0.3,/home/tat512/share/PDEdata/nsnonbounded/nsnonbounded_test_10000-128-128-10_id.mat,/home/tat512/C01Python/FM4PDE/artifacts/inverse_hard_tuning/subsets/holdout/nsnonbounded_id.mat
id,nsnonbounded,17,tune,327,7,8,0.8612768650054932,0.7634410262107849,0.05736284330487251,outputs/MAIN1000_100_TEST_id/nsnonbounded/inverse/obs_pde_endpoint_stochastic_constant_pdegate-s0.8-r0_global_norm50_random500_noise0_uniform100_euler_res-secant_bc-none-bcw1_epw1/20260829-154529,240000.0,0.3,/home/tat512/share/PDEdata/nsnonbounded/nsnonbounded_test_10000-128-128-10_id.mat,/home/tat512/C01Python/FM4PDE/artifacts/inverse_hard_tuning/subsets/tune/nsnonbounded_id.mat
id,nsnonbounded,18,holdout,91,11,8,0.8573393821716309,0.6120193600654602,0.052161648869514465,outputs/MAIN1000_100_TEST_id/nsnonbounded/inverse/obs_pde_endpoint_stochastic_constant_pdegate-s0.8-r0_global_norm50_random500_noise0_uniform100_euler_res-secant_bc-none-bcw1_epw1/20260829-152537,240000.0,0.3,/home/tat512/share/PDEdata/nsnonbounded/nsnonbounded_test_10000-128-128-10_id.mat,/home/tat512/C01Python/FM4PDE/artifacts/inverse_hard_tuning/subsets/holdout/nsnonbounded_id.mat
id,nsnonbounded,19,tune,923,3,9,0.8569251894950867,0.8805407881736755,0.05143703520298004,outputs/MAIN1000_100_TEST_id/nsnonbounded/inverse/obs_pde_endpoint_stochastic_constant_pdegate-s0.8-r0_global_norm50_random500_noise0_uniform100_euler_res-secant_bc-none-bcw1_epw1/20260829-163501,240000.0,0.3,/home/tat512/share/PDEdata/nsnonbounded/nsnonbounded_test_10000-128-128-10_id.mat,/home/tat512/C01Python/FM4PDE/artifacts/inverse_hard_tuning/subsets/tune/nsnonbounded_id.mat
id,nsnonbounded,20,holdout,187,7,9,0.8530690670013428,0.6890113949775696,0.057574283331632614,outputs/MAIN1000_100_TEST_id/nsnonbounded/inverse/obs_pde_endpoint_stochastic_constant_pdegate-s0.8-r0_global_norm50_random500_noise0_uniform100_euler_res-secant_bc-none-bcw1_epw1/20260829-153357,240000.0,0.3,/home/tat512/share/PDEdata/nsnonbounded/nsnonbounded_test_10000-128-128-10_id.mat,/home/tat512/C01Python/FM4PDE/artifacts/inverse_hard_tuning/subsets/holdout/nsnonbounded_id.mat
smooth,poisson,1,tune,12,12,0,1.6879441738128662,0.713874340057373,0.06141957640647888,outputs/MAIN1000_100_TEST_smooth/poisson/inverse/obs_pde_endpoint_stochastic_constant_global_norm1e+10_random500_noise0_uniform100_euler_res-auto-K3-int1-w1_bc-dirichlet_zero-bcw1_ic-none-icw1_epw1_legacybc0/20260820-145213,90000000.0,0.1,/home/tat512/share/PDEdata/poisson/poisson_test_10000-128-128_smooth.mat,/home/tat512/C01Python/FM4PDE/artifacts/inverse_hard_tuning/subsets/tune/poisson_smooth.mat
smooth,poisson,2,holdout,24,24,0,1.4424176216125488,0.7949692606925964,0.032010383903980255,outputs/MAIN1000_100_TEST_smooth/poisson/inverse/obs_pde_endpoint_stochastic_constant_global_norm1e+10_random500_noise0_uniform100_euler_res-auto-K3-int1-w1_bc-dirichlet_zero-bcw1_ic-none-icw1_epw1_legacybc0/20260820-145213,90000000.0,0.1,/home/tat512/share/PDEdata/poisson/poisson_test_10000-128-128_smooth.mat,/home/tat512/C01Python/FM4PDE/artifacts/inverse_hard_tuning/subsets/holdout/poisson_smooth.mat
smooth,poisson,3,tune,866,16,1,1.365486741065979,0.5894383788108826,0.03943615034222603,outputs/MAIN1000_100_TEST_smooth/poisson/inverse/obs_pde_endpoint_stochastic_constant_global_norm1e+10_random500_noise0_uniform100_euler_res-auto-K3-int1-w1_bc-dirichlet_zero-bcw1_ic-none-icw1_epw1_legacybc0/20260820-151745,90000000.0,0.1,/home/tat512/share/PDEdata/poisson/poisson_test_10000-128-128_smooth.mat,/home/tat512/C01Python/FM4PDE/artifacts/inverse_hard_tuning/subsets/tune/poisson_smooth.mat
smooth,poisson,4,holdout,151,1,1,1.3118544816970825,0.8480585813522339,0.031197944656014442,outputs/MAIN1000_100_TEST_smooth/poisson/inverse/obs_pde_endpoint_stochastic_constant_global_norm1e+10_random500_noise0_uniform100_euler_res-auto-K3-int1-w1_bc-dirichlet_zero-bcw1_ic-none-icw1_epw1_legacybc0/20260820-145643,90000000.0,0.1,/home/tat512/share/PDEdata/poisson/poisson_test_10000-128-128_smooth.mat,/home/tat512/C01Python/FM4PDE/artifacts/inverse_hard_tuning/subsets/holdout/poisson_smooth.mat
smooth,poisson,5,tune,761,11,2,1.287864327430725,0.5029972195625305,0.03629671037197113,outputs/MAIN1000_100_TEST_smooth/poisson/inverse/obs_pde_endpoint_stochastic_constant_global_norm1e+10_random500_noise0_uniform100_euler_res-auto-K3-int1-w1_bc-dirichlet_zero-bcw1_ic-none-icw1_epw1_legacybc0/20260820-151445,90000000.0,0.1,/home/tat512/share/PDEdata/poisson/poisson_test_10000-128-128_smooth.mat,/home/tat512/C01Python/FM4PDE/artifacts/inverse_hard_tuning/subsets/tune/poisson_smooth.mat
smooth,poisson,6,holdout,89,39,2,1.2644505500793457,0.6920451521873474,0.06345347315073013,outputs/MAIN1000_100_TEST_smooth/poisson/inverse/obs_pde_endpoint_stochastic_constant_global_norm1e+10_random500_noise0_uniform100_euler_res-auto-K3-int1-w1_bc-dirichlet_zero-bcw1_ic-none-icw1_epw1_legacybc0/20260820-145343,90000000.0,0.1,/home/tat512/share/PDEdata/poisson/poisson_test_10000-128-128_smooth.mat,/home/tat512/C01Python/FM4PDE/artifacts/inverse_hard_tuning/subsets/holdout/poisson_smooth.mat
smooth,poisson,7,tune,820,20,3,1.2235682010650635,0.6004779934883118,0.03734930604696274,outputs/MAIN1000_100_TEST_smooth/poisson/inverse/obs_pde_endpoint_stochastic_constant_global_norm1e+10_random500_noise0_uniform100_euler_res-auto-K3-int1-w1_bc-dirichlet_zero-bcw1_ic-none-icw1_epw1_legacybc0/20260820-151615,90000000.0,0.1,/home/tat512/share/PDEdata/poisson/poisson_test_10000-128-128_smooth.mat,/home/tat512/C01Python/FM4PDE/artifacts/inverse_hard_tuning/subsets/tune/poisson_smooth.mat
smooth,poisson,8,holdout,318,18,3,1.1725764274597168,0.3191790282726288,0.036563701927661896,outputs/MAIN1000_100_TEST_smooth/poisson/inverse/obs_pde_endpoint_stochastic_constant_global_norm1e+10_random500_noise0_uniform100_euler_res-auto-K3-int1-w1_bc-dirichlet_zero-bcw1_ic-none-icw1_epw1_legacybc0/20260820-150114,90000000.0,0.1,/home/tat512/share/PDEdata/poisson/poisson_test_10000-128-128_smooth.mat,/home/tat512/C01Python/FM4PDE/artifacts/inverse_hard_tuning/subsets/holdout/poisson_smooth.mat
smooth,poisson,9,tune,79,29,4,1.1582353115081787,0.46664947271347046,0.051445771008729935,outputs/MAIN1000_100_TEST_smooth/poisson/inverse/obs_pde_endpoint_stochastic_constant_global_norm1e+10_random500_noise0_uniform100_euler_res-auto-K3-int1-w1_bc-dirichlet_zero-bcw1_ic-none-icw1_epw1_legacybc0/20260820-145343,90000000.0,0.1,/home/tat512/share/PDEdata/poisson/poisson_test_10000-128-128_smooth.mat,/home/tat512/C01Python/FM4PDE/artifacts/inverse_hard_tuning/subsets/tune/poisson_smooth.mat
smooth,poisson,10,holdout,523,23,4,1.1514523029327393,0.49400997161865234,0.045534830540418625,outputs/MAIN1000_100_TEST_smooth/poisson/inverse/obs_pde_endpoint_stochastic_constant_global_norm1e+10_random500_noise0_uniform100_euler_res-auto-K3-int1-w1_bc-dirichlet_zero-bcw1_ic-none-icw1_epw1_legacybc0/20260820-150714,90000000.0,0.1,/home/tat512/share/PDEdata/poisson/poisson_test_10000-128-128_smooth.mat,/home/tat512/C01Python/FM4PDE/artifacts/inverse_hard_tuning/subsets/holdout/poisson_smooth.mat
smooth,poisson,11,tune,119,19,5,1.1486313343048096,0.4251110851764679,0.043735671788454056,outputs/MAIN1000_100_TEST_smooth/poisson/inverse/obs_pde_endpoint_stochastic_constant_global_norm1e+10_random500_noise0_uniform100_euler_res-auto-K3-int1-w1_bc-dirichlet_zero-bcw1_ic-none-icw1_epw1_legacybc0/20260820-145513,90000000.0,0.1,/home/tat512/share/PDEdata/poisson/poisson_test_10000-128-128_smooth.mat,/home/tat512/C01Python/FM4PDE/artifacts/inverse_hard_tuning/subsets/tune/poisson_smooth.mat
smooth,poisson,12,holdout,788,38,5,1.1309711933135986,0.42729535698890686,0.031031548976898193,outputs/MAIN1000_100_TEST_smooth/poisson/inverse/obs_pde_endpoint_stochastic_constant_global_norm1e+10_random500_noise0_uniform100_euler_res-auto-K3-int1-w1_bc-dirichlet_zero-bcw1_ic-none-icw1_epw1_legacybc0/20260820-151445,90000000.0,0.1,/home/tat512/share/PDEdata/poisson/poisson_test_10000-128-128_smooth.mat,/home/tat512/C01Python/FM4PDE/artifacts/inverse_hard_tuning/subsets/holdout/poisson_smooth.mat
smooth,poisson,13,tune,289,39,6,1.127853274345398,0.732211172580719,0.07085384428501129,outputs/MAIN1000_100_TEST_smooth/poisson/inverse/obs_pde_endpoint_stochastic_constant_global_norm1e+10_random500_noise0_uniform100_euler_res-auto-K3-int1-w1_bc-dirichlet_zero-bcw1_ic-none-icw1_epw1_legacybc0/20260820-145944,90000000.0,0.1,/home/tat512/share/PDEdata/poisson/poisson_test_10000-128-128_smooth.mat,/home/tat512/C01Python/FM4PDE/artifacts/inverse_hard_tuning/subsets/tune/poisson_smooth.mat
smooth,poisson,14,holdout,970,20,6,1.0993977785110474,0.6947569847106934,0.03396742418408394,outputs/MAIN1000_100_TEST_smooth/poisson/inverse/obs_pde_endpoint_stochastic_constant_global_norm1e+10_random500_noise0_uniform100_euler_res-auto-K3-int1-w1_bc-dirichlet_zero-bcw1_ic-none-icw1_epw1_legacybc0/20260820-152045,90000000.0,0.1,/home/tat512/share/PDEdata/poisson/poisson_test_10000-128-128_smooth.mat,/home/tat512/C01Python/FM4PDE/artifacts/inverse_hard_tuning/subsets/holdout/poisson_smooth.mat
smooth,poisson,15,tune,997,47,7,1.0834482908248901,0.3171253502368927,0.020341383293271065,outputs/MAIN1000_100_TEST_smooth/poisson/inverse/obs_pde_endpoint_stochastic_constant_global_norm1e+10_random500_noise0_uniform100_euler_res-auto-K3-int1-w1_bc-dirichlet_zero-bcw1_ic-none-icw1_epw1_legacybc0/20260820-152045,90000000.0,0.1,/home/tat512/share/PDEdata/poisson/poisson_test_10000-128-128_smooth.mat,/home/tat512/C01Python/FM4PDE/artifacts/inverse_hard_tuning/subsets/tune/poisson_smooth.mat
smooth,poisson,16,holdout,712,12,7,1.080644965171814,0.25600966811180115,0.06160830333828926,outputs/MAIN1000_100_TEST_smooth/poisson/inverse/obs_pde_endpoint_stochastic_constant_global_norm1e+10_random500_noise0_uniform100_euler_res-auto-K3-int1-w1_bc-dirichlet_zero-bcw1_ic-none-icw1_epw1_legacybc0/20260820-151315,90000000.0,0.1,/home/tat512/share/PDEdata/poisson/poisson_test_10000-128-128_smooth.mat,/home/tat512/C01Python/FM4PDE/artifacts/inverse_hard_tuning/subsets/holdout/poisson_smooth.mat
smooth,poisson,17,tune,380,30,8,1.0765118598937988,0.5031579732894897,0.041105713695287704,outputs/MAIN1000_100_TEST_smooth/poisson/inverse/obs_pde_endpoint_stochastic_constant_global_norm1e+10_random500_noise0_uniform100_euler_res-auto-K3-int1-w1_bc-dirichlet_zero-bcw1_ic-none-icw1_epw1_legacybc0/20260820-150244,90000000.0,0.1,/home/tat512/share/PDEdata/poisson/poisson_test_10000-128-128_smooth.mat,/home/tat512/C01Python/FM4PDE/artifacts/inverse_hard_tuning/subsets/tune/poisson_smooth.mat
smooth,poisson,18,holdout,500,0,8,1.07587468624115,0.2706452012062073,0.03253796324133873,outputs/MAIN1000_100_TEST_smooth/poisson/inverse/obs_pde_endpoint_stochastic_constant_global_norm1e+10_random500_noise0_uniform100_euler_res-auto-K3-int1-w1_bc-dirichlet_zero-bcw1_ic-none-icw1_epw1_legacybc0/20260820-150714,90000000.0,0.1,/home/tat512/share/PDEdata/poisson/poisson_test_10000-128-128_smooth.mat,/home/tat512/C01Python/FM4PDE/artifacts/inverse_hard_tuning/subsets/holdout/poisson_smooth.mat
smooth,poisson,19,tune,271,21,9,1.0742065906524658,0.47828173637390137,0.03536788374185562,outputs/MAIN1000_100_TEST_smooth/poisson/inverse/obs_pde_endpoint_stochastic_constant_global_norm1e+10_random500_noise0_uniform100_euler_res-auto-K3-int1-w1_bc-dirichlet_zero-bcw1_ic-none-icw1_epw1_legacybc0/20260820-145944,90000000.0,0.1,/home/tat512/share/PDEdata/poisson/poisson_test_10000-128-128_smooth.mat,/home/tat512/C01Python/FM4PDE/artifacts/inverse_hard_tuning/subsets/tune/poisson_smooth.mat
smooth,poisson,20,holdout,868,18,9,1.0712134838104248,0.3320821523666382,0.03633558377623558,outputs/MAIN1000_100_TEST_smooth/poisson/inverse/obs_pde_endpoint_stochastic_constant_global_norm1e+10_random500_noise0_uniform100_euler_res-auto-K3-int1-w1_bc-dirichlet_zero-bcw1_ic-none-icw1_epw1_legacybc0/20260820-151745,90000000.0,0.1,/home/tat512/share/PDEdata/poisson/poisson_test_10000-128-128_smooth.mat,/home/tat512/C01Python/FM4PDE/artifacts/inverse_hard_tuning/subsets/holdout/poisson_smooth.mat
smooth,helmholtz,1,tune,12,12,0,1.540047287940979,0.5570535063743591,0.07461480796337128,outputs/MAIN1000_100_TEST_smooth/helmholtz/inverse/obs_pde_endpoint_stochastic_constant_global_norm1e+10_random500_noise0_uniform100_euler_res-auto-K3-int1-w1_bc-dirichlet_zero-bcw1_ic-none-icw1_epw1_legacybc0/20260820-155928,80000000.0,0.1,/home/tat512/share/PDEdata/helmholtz/helmholtz_test_10000-128-128_smooth.mat,/home/tat512/C01Python/FM4PDE/artifacts/inverse_hard_tuning/subsets/tune/helmholtz_smooth.mat
smooth,helmholtz,2,holdout,866,16,0,1.3133689165115356,0.5476791858673096,0.05493379011750221,outputs/MAIN1000_100_TEST_smooth/helmholtz/inverse/obs_pde_endpoint_stochastic_constant_global_norm1e+10_random500_noise0_uniform100_euler_res-auto-K3-int1-w1_bc-dirichlet_zero-bcw1_ic-none-icw1_epw1_legacybc0/20260820-163826,80000000.0,0.1,/home/tat512/share/PDEdata/helmholtz/helmholtz_test_10000-128-128_smooth.mat,/home/tat512/C01Python/FM4PDE/artifacts/inverse_hard_tuning/subsets/holdout/helmholtz_smooth.mat
smooth,helmholtz,3,tune,761,11,1,1.3048795461654663,0.4973846673965454,0.045058101415634155,outputs/MAIN1000_100_TEST_smooth/helmholtz/inverse/obs_pde_endpoint_stochastic_constant_global_norm1e+10_random500_noise0_uniform100_euler_res-auto-K3-int1-w1_bc-dirichlet_zero-bcw1_ic-none-icw1_epw1_legacybc0/20260820-163351,80000000.0,0.1,/home/tat512/share/PDEdata/helmholtz/helmholtz_test_10000-128-128_smooth.mat,/home/tat512/C01Python/FM4PDE/artifacts/inverse_hard_tuning/subsets/tune/helmholtz_smooth.mat
smooth,helmholtz,4,holdout,24,24,1,1.2982478141784668,0.6401391625404358,0.042976465076208115,outputs/MAIN1000_100_TEST_smooth/helmholtz/inverse/obs_pde_endpoint_stochastic_constant_global_norm1e+10_random500_noise0_uniform100_euler_res-auto-K3-int1-w1_bc-dirichlet_zero-bcw1_ic-none-icw1_epw1_legacybc0/20260820-155928,80000000.0,0.1,/home/tat512/share/PDEdata/helmholtz/helmholtz_test_10000-128-128_smooth.mat,/home/tat512/C01Python/FM4PDE/artifacts/inverse_hard_tuning/subsets/holdout/helmholtz_smooth.mat
smooth,helmholtz,5,tune,820,20,2,1.2483268976211548,0.560712456703186,0.04375976324081421,outputs/MAIN1000_100_TEST_smooth/helmholtz/inverse/obs_pde_endpoint_stochastic_constant_global_norm1e+10_random500_noise0_uniform100_euler_res-auto-K3-int1-w1_bc-dirichlet_zero-bcw1_ic-none-icw1_epw1_legacybc0/20260820-163609,80000000.0,0.1,/home/tat512/share/PDEdata/helmholtz/helmholtz_test_10000-128-128_smooth.mat,/home/tat512/C01Python/FM4PDE/artifacts/inverse_hard_tuning/subsets/tune/helmholtz_smooth.mat
smooth,helmholtz,6,holdout,79,29,2,1.1822046041488647,0.46946030855178833,0.06616846472024918,outputs/MAIN1000_100_TEST_smooth/helmholtz/inverse/obs_pde_endpoint_stochastic_constant_global_norm1e+10_random500_noise0_uniform100_euler_res-auto-K3-int1-w1_bc-dirichlet_zero-bcw1_ic-none-icw1_epw1_legacybc0/20260820-160146,80000000.0,0.1,/home/tat512/share/PDEdata/helmholtz/helmholtz_test_10000-128-128_smooth.mat,/home/tat512/C01Python/FM4PDE/artifacts/inverse_hard_tuning/subsets/holdout/helmholtz_smooth.mat
smooth,helmholtz,7,tune,788,38,3,1.161695957183838,0.4414934515953064,0.03978704288601875,outputs/MAIN1000_100_TEST_smooth/helmholtz/inverse/obs_pde_endpoint_stochastic_constant_global_norm1e+10_random500_noise0_uniform100_euler_res-auto-K3-int1-w1_bc-dirichlet_zero-bcw1_ic-none-icw1_epw1_legacybc0/20260820-163351,80000000.0,0.1,/home/tat512/share/PDEdata/helmholtz/helmholtz_test_10000-128-128_smooth.mat,/home/tat512/C01Python/FM4PDE/artifacts/inverse_hard_tuning/subsets/tune/helmholtz_smooth.mat
smooth,helmholtz,8,holdout,523,23,3,1.1556984186172485,0.5267941951751709,0.05230340361595154,outputs/MAIN1000_100_TEST_smooth/helmholtz/inverse/obs_pde_endpoint_stochastic_constant_global_norm1e+10_random500_noise0_uniform100_euler_res-auto-K3-int1-w1_bc-dirichlet_zero-bcw1_ic-none-icw1_epw1_legacybc0/20260820-162224,80000000.0,0.1,/home/tat512/share/PDEdata/helmholtz/helmholtz_test_10000-128-128_smooth.mat,/home/tat512/C01Python/FM4PDE/artifacts/inverse_hard_tuning/subsets/holdout/helmholtz_smooth.mat
smooth,helmholtz,9,tune,89,39,4,1.1542004346847534,0.6397273540496826,0.08134780079126358,outputs/MAIN1000_100_TEST_smooth/helmholtz/inverse/obs_pde_endpoint_stochastic_constant_global_norm1e+10_random500_noise0_uniform100_euler_res-auto-K3-int1-w1_bc-dirichlet_zero-bcw1_ic-none-icw1_epw1_legacybc0/20260820-160146,80000000.0,0.1,/home/tat512/share/PDEdata/helmholtz/helmholtz_test_10000-128-128_smooth.mat,/home/tat512/C01Python/FM4PDE/artifacts/inverse_hard_tuning/subsets/tune/helmholtz_smooth.mat
smooth,helmholtz,10,holdout,997,47,4,1.132359504699707,0.3211319148540497,0.036699749529361725,outputs/MAIN1000_100_TEST_smooth/helmholtz/inverse/obs_pde_endpoint_stochastic_constant_global_norm1e+10_random500_noise0_uniform100_euler_res-auto-K3-int1-w1_bc-dirichlet_zero-bcw1_ic-none-icw1_epw1_legacybc0/20260820-164303,80000000.0,0.1,/home/tat512/share/PDEdata/helmholtz/helmholtz_test_10000-128-128_smooth.mat,/home/tat512/C01Python/FM4PDE/artifacts/inverse_hard_tuning/subsets/holdout/helmholtz_smooth.mat
smooth,helmholtz,11,tune,544,44,5,1.1170016527175903,0.30195000767707825,0.042360492050647736,outputs/MAIN1000_100_TEST_smooth/helmholtz/inverse/obs_pde_endpoint_stochastic_constant_global_norm1e+10_random500_noise0_uniform100_euler_res-auto-K3-int1-w1_bc-dirichlet_zero-bcw1_ic-none-icw1_epw1_legacybc0/20260820-162224,80000000.0,0.1,/home/tat512/share/PDEdata/helmholtz/helmholtz_test_10000-128-128_smooth.mat,/home/tat512/C01Python/FM4PDE/artifacts/inverse_hard_tuning/subsets/tune/helmholtz_smooth.mat
smooth,helmholtz,12,holdout,271,21,5,1.1149811744689941,0.48032239079475403,0.05247953161597252,outputs/MAIN1000_100_TEST_smooth/helmholtz/inverse/obs_pde_endpoint_stochastic_constant_global_norm1e+10_random500_noise0_uniform100_euler_res-auto-K3-int1-w1_bc-dirichlet_zero-bcw1_ic-none-icw1_epw1_legacybc0/20260820-161056,80000000.0,0.1,/home/tat512/share/PDEdata/helmholtz/helmholtz_test_10000-128-128_smooth.mat,/home/tat512/C01Python/FM4PDE/artifacts/inverse_hard_tuning/subsets/holdout/helmholtz_smooth.mat
smooth,helmholtz,13,tune,359,9,6,1.1097195148468018,0.2955814003944397,0.04297761991620064,outputs/MAIN1000_100_TEST_smooth/helmholtz/inverse/obs_pde_endpoint_stochastic_constant_global_norm1e+10_random500_noise0_uniform100_euler_res-auto-K3-int1-w1_bc-dirichlet_zero-bcw1_ic-none-icw1_epw1_legacybc0/20260820-161531,80000000.0,0.1,/home/tat512/share/PDEdata/helmholtz/helmholtz_test_10000-128-128_smooth.mat,/home/tat512/C01Python/FM4PDE/artifacts/inverse_hard_tuning/subsets/tune/helmholtz_smooth.mat
smooth,helmholtz,14,holdout,712,12,6,1.1052409410476685,0.2756408751010895,0.08401014655828476,outputs/MAIN1000_100_TEST_smooth/helmholtz/inverse/obs_pde_endpoint_stochastic_constant_global_norm1e+10_random500_noise0_uniform100_euler_res-auto-K3-int1-w1_bc-dirichlet_zero-bcw1_ic-none-icw1_epw1_legacybc0/20260820-163134,80000000.0,0.1,/home/tat512/share/PDEdata/helmholtz/helmholtz_test_10000-128-128_smooth.mat,/home/tat512/C01Python/FM4PDE/artifacts/inverse_hard_tuning/subsets/holdout/helmholtz_smooth.mat
smooth,helmholtz,15,tune,289,39,7,1.1018929481506348,0.7043805718421936,0.08478222787380219,outputs/MAIN1000_100_TEST_smooth/helmholtz/inverse/obs_pde_endpoint_stochastic_constant_global_norm1e+10_random500_noise0_uniform100_euler_res-auto-K3-int1-w1_bc-dirichlet_zero-bcw1_ic-none-icw1_epw1_legacybc0/20260820-161056,80000000.0,0.1,/home/tat512/share/PDEdata/helmholtz/helmholtz_test_10000-128-128_smooth.mat,/home/tat512/C01Python/FM4PDE/artifacts/inverse_hard_tuning/subsets/tune/helmholtz_smooth.mat
smooth,helmholtz,16,holdout,119,19,7,1.068152666091919,0.4124506115913391,0.058801762759685516,outputs/MAIN1000_100_TEST_smooth/helmholtz/inverse/obs_pde_endpoint_stochastic_constant_global_norm1e+10_random500_noise0_uniform100_euler_res-auto-K3-int1-w1_bc-dirichlet_zero-bcw1_ic-none-icw1_epw1_legacybc0/20260820-160403,80000000.0,0.1,/home/tat512/share/PDEdata/helmholtz/helmholtz_test_10000-128-128_smooth.mat,/home/tat512/C01Python/FM4PDE/artifacts/inverse_hard_tuning/subsets/holdout/helmholtz_smooth.mat
smooth,helmholtz,17,tune,151,1,8,1.0656887292861938,0.7885765433311462,0.047961484640836716,outputs/MAIN1000_100_TEST_smooth/helmholtz/inverse/obs_pde_endpoint_stochastic_constant_global_norm1e+10_random500_noise0_uniform100_euler_res-auto-K3-int1-w1_bc-dirichlet_zero-bcw1_ic-none-icw1_epw1_legacybc0/20260820-160621,80000000.0,0.1,/home/tat512/share/PDEdata/helmholtz/helmholtz_test_10000-128-128_smooth.mat,/home/tat512/C01Python/FM4PDE/artifacts/inverse_hard_tuning/subsets/tune/helmholtz_smooth.mat
smooth,helmholtz,18,holdout,245,45,8,1.0564265251159668,0.48762205243110657,0.04183046147227287,outputs/MAIN1000_100_TEST_smooth/helmholtz/inverse/obs_pde_endpoint_stochastic_constant_global_norm1e+10_random500_noise0_uniform100_euler_res-auto-K3-int1-w1_bc-dirichlet_zero-bcw1_ic-none-icw1_epw1_legacybc0/20260820-160838,80000000.0,0.1,/home/tat512/share/PDEdata/helmholtz/helmholtz_test_10000-128-128_smooth.mat,/home/tat512/C01Python/FM4PDE/artifacts/inverse_hard_tuning/subsets/holdout/helmholtz_smooth.mat
smooth,helmholtz,19,tune,124,24,9,1.048039197921753,0.35104891657829285,0.04875767230987549,outputs/MAIN1000_100_TEST_smooth/helmholtz/inverse/obs_pde_endpoint_stochastic_constant_global_norm1e+10_random500_noise0_uniform100_euler_res-auto-K3-int1-w1_bc-dirichlet_zero-bcw1_ic-none-icw1_epw1_legacybc0/20260820-160403,80000000.0,0.1,/home/tat512/share/PDEdata/helmholtz/helmholtz_test_10000-128-128_smooth.mat,/home/tat512/C01Python/FM4PDE/artifacts/inverse_hard_tuning/subsets/tune/helmholtz_smooth.mat
smooth,helmholtz,20,holdout,318,18,9,1.0478473901748657,0.2597876191139221,0.05691196024417877,outputs/MAIN1000_100_TEST_smooth/helmholtz/inverse/obs_pde_endpoint_stochastic_constant_global_norm1e+10_random500_noise0_uniform100_euler_res-auto-K3-int1-w1_bc-dirichlet_zero-bcw1_ic-none-icw1_epw1_legacybc0/20260820-161313,80000000.0,0.1,/home/tat512/share/PDEdata/helmholtz/helmholtz_test_10000-128-128_smooth.mat,/home/tat512/C01Python/FM4PDE/artifacts/inverse_hard_tuning/subsets/holdout/helmholtz_smooth.mat
smooth,darcy,1,tune,575,15,0,0.49219921231269836,0.08202371001243591,1.3501005172729492,outputs/MAIN1000_100_TEST_smooth/darcy/inverse/obs_pde_endpoint_stochastic_constant_global_norm100_random500_noise0_uniform100_euler_res-auto-K3-int1-w1_bc-dirichlet_zero-bcw1_ic-none-icw1_epw1_legacybc0/20260820-212333,500000000.0,0.1,/home/tat512/share/PDEdata/darcy/darcy_test_10000-128-128_smooth.mat,/home/tat512/C01Python/FM4PDE/artifacts/inverse_hard_tuning/subsets/tune/darcy_smooth.mat
smooth,darcy,2,holdout,318,18,0,0.4723550081253052,0.061098579317331314,0.7014490962028503,outputs/MAIN1000_100_TEST_smooth/darcy/inverse/obs_pde_endpoint_stochastic_constant_global_norm100_random500_noise0_uniform100_euler_res-auto-K3-int1-w1_bc-dirichlet_zero-bcw1_ic-none-icw1_epw1_legacybc0/20260820-211148,500000000.0,0.1,/home/tat512/share/PDEdata/darcy/darcy_test_10000-128-128_smooth.mat,/home/tat512/C01Python/FM4PDE/artifacts/inverse_hard_tuning/subsets/holdout/darcy_smooth.mat
smooth,darcy,3,tune,76,16,1,0.47232210636138916,0.09701165556907654,0.8047299981117249,outputs/MAIN1000_100_TEST_smooth/darcy/inverse/obs_pde_endpoint_stochastic_constant_global_norm100_random500_noise0_uniform100_euler_res-auto-K3-int1-w1_bc-dirichlet_zero-bcw1_ic-none-icw1_epw1_legacybc0/20260820-210057,500000000.0,0.1,/home/tat512/share/PDEdata/darcy/darcy_test_10000-128-128_smooth.mat,/home/tat512/C01Python/FM4PDE/artifacts/inverse_hard_tuning/subsets/tune/darcy_smooth.mat
smooth,darcy,4,holdout,443,3,1,0.46505096554756165,0.08718430995941162,0.6917246580123901,outputs/MAIN1000_100_TEST_smooth/darcy/inverse/obs_pde_endpoint_stochastic_constant_global_norm100_random500_noise0_uniform100_euler_res-auto-K3-int1-w1_bc-dirichlet_zero-bcw1_ic-none-icw1_epw1_legacybc0/20260820-211807,500000000.0,0.1,/home/tat512/share/PDEdata/darcy/darcy_test_10000-128-128_smooth.mat,/home/tat512/C01Python/FM4PDE/artifacts/inverse_hard_tuning/subsets/holdout/darcy_smooth.mat
smooth,darcy,5,tune,133,13,2,0.4649699926376343,0.0743703842163086,0.76225346326828,outputs/MAIN1000_100_TEST_smooth/darcy/inverse/obs_pde_endpoint_stochastic_constant_global_norm100_random500_noise0_uniform100_euler_res-auto-K3-int1-w1_bc-dirichlet_zero-bcw1_ic-none-icw1_epw1_legacybc0/20260820-210340,500000000.0,0.1,/home/tat512/share/PDEdata/darcy/darcy_test_10000-128-128_smooth.mat,/home/tat512/C01Python/FM4PDE/artifacts/inverse_hard_tuning/subsets/tune/darcy_smooth.mat
smooth,darcy,6,holdout,113,13,2,0.4488181173801422,0.09252441674470901,0.7053397297859192,outputs/MAIN1000_100_TEST_smooth/darcy/inverse/obs_pde_endpoint_stochastic_constant_global_norm100_random500_noise0_uniform100_euler_res-auto-K3-int1-w1_bc-dirichlet_zero-bcw1_ic-none-icw1_epw1_legacybc0/20260820-210245,500000000.0,0.1,/home/tat512/share/PDEdata/darcy/darcy_test_10000-128-128_smooth.mat,/home/tat512/C01Python/FM4PDE/artifacts/inverse_hard_tuning/subsets/holdout/darcy_smooth.mat
smooth,darcy,7,tune,79,19,3,0.44680991768836975,0.08167966455221176,0.5635960102081299,outputs/MAIN1000_100_TEST_smooth/darcy/inverse/obs_pde_endpoint_stochastic_constant_global_norm100_random500_noise0_uniform100_euler_res-auto-K3-int1-w1_bc-dirichlet_zero-bcw1_ic-none-icw1_epw1_legacybc0/20260820-210057,500000000.0,0.1,/home/tat512/share/PDEdata/darcy/darcy_test_10000-128-128_smooth.mat,/home/tat512/C01Python/FM4PDE/artifacts/inverse_hard_tuning/subsets/tune/darcy_smooth.mat
smooth,darcy,8,holdout,289,9,3,0.44676676392555237,0.07418747991323471,0.7515324354171753,outputs/MAIN1000_100_TEST_smooth/darcy/inverse/obs_pde_endpoint_stochastic_constant_global_norm100_random500_noise0_uniform100_euler_res-auto-K3-int1-w1_bc-dirichlet_zero-bcw1_ic-none-icw1_epw1_legacybc0/20260820-211053,500000000.0,0.1,/home/tat512/share/PDEdata/darcy/darcy_test_10000-128-128_smooth.mat,/home/tat512/C01Python/FM4PDE/artifacts/inverse_hard_tuning/subsets/holdout/darcy_smooth.mat
smooth,darcy,9,tune,988,8,4,0.44490864872932434,0.09679999202489853,0.7417828440666199,outputs/MAIN1000_100_TEST_smooth/darcy/inverse/obs_pde_endpoint_stochastic_constant_global_norm100_random500_noise0_uniform100_euler_res-auto-K3-int1-w1_bc-dirichlet_zero-bcw1_ic-none-icw1_epw1_legacybc0/20260820-214230,500000000.0,0.1,/home/tat512/share/PDEdata/darcy/darcy_test_10000-128-128_smooth.mat,/home/tat512/C01Python/FM4PDE/artifacts/inverse_hard_tuning/subsets/tune/darcy_smooth.mat
smooth,darcy,10,holdout,52,12,4,0.44351500272750854,0.043994516134262085,0.8267908692359924,outputs/MAIN1000_100_TEST_smooth/darcy/inverse/obs_pde_endpoint_stochastic_constant_global_norm100_random500_noise0_uniform100_euler_res-auto-K3-int1-w1_bc-dirichlet_zero-bcw1_ic-none-icw1_epw1_legacybc0/20260820-210003,500000000.0,0.1,/home/tat512/share/PDEdata/darcy/darcy_test_10000-128-128_smooth.mat,/home/tat512/C01Python/FM4PDE/artifacts/inverse_hard_tuning/subsets/holdout/darcy_smooth.mat
smooth,darcy,11,tune,756,16,5,0.4373775124549866,0.0571148581802845,0.6944581866264343,outputs/MAIN1000_100_TEST_smooth/darcy/inverse/obs_pde_endpoint_stochastic_constant_global_norm100_random500_noise0_uniform100_euler_res-auto-K3-int1-w1_bc-dirichlet_zero-bcw1_ic-none-icw1_epw1_legacybc0/20260820-213140,500000000.0,0.1,/home/tat512/share/PDEdata/darcy/darcy_test_10000-128-128_smooth.mat,/home/tat512/C01Python/FM4PDE/artifacts/inverse_hard_tuning/subsets/tune/darcy_smooth.mat
smooth,darcy,12,holdout,397,17,5,0.4341779053211212,0.057811178267002106,0.7390103936195374,outputs/MAIN1000_100_TEST_smooth/darcy/inverse/obs_pde_endpoint_stochastic_constant_global_norm100_random500_noise0_uniform100_euler_res-auto-K3-int1-w1_bc-dirichlet_zero-bcw1_ic-none-icw1_epw1_legacybc0/20260820-211525,500000000.0,0.1,/home/tat512/share/PDEdata/darcy/darcy_test_10000-128-128_smooth.mat,/home/tat512/C01Python/FM4PDE/artifacts/inverse_hard_tuning/subsets/holdout/darcy_smooth.mat
smooth,darcy,13,tune,21,1,6,0.4284030497074127,0.06530642509460449,0.8063264489173889,outputs/MAIN1000_100_TEST_smooth/darcy/inverse/obs_pde_endpoint_stochastic_constant_global_norm100_random500_noise0_uniform100_euler_res-auto-K3-int1-w1_bc-dirichlet_zero-bcw1_ic-none-icw1_epw1_legacybc0/20260820-205854,500000000.0,0.1,/home/tat512/share/PDEdata/darcy/darcy_test_10000-128-128_smooth.mat,/home/tat512/C01Python/FM4PDE/artifacts/inverse_hard_tuning/subsets/tune/darcy_smooth.mat
smooth,darcy,14,holdout,383,3,6,0.42655545473098755,0.0646677315235138,0.6777215600013733,outputs/MAIN1000_100_TEST_smooth/darcy/inverse/obs_pde_endpoint_stochastic_constant_global_norm100_random500_noise0_uniform100_euler_res-auto-K3-int1-w1_bc-dirichlet_zero-bcw1_ic-none-icw1_epw1_legacybc0/20260820-211525,500000000.0,0.1,/home/tat512/share/PDEdata/darcy/darcy_test_10000-128-128_smooth.mat,/home/tat512/C01Python/FM4PDE/artifacts/inverse_hard_tuning/subsets/holdout/darcy_smooth.mat
smooth,darcy,15,tune,412,12,7,0.426226407289505,0.06357157230377197,0.9278033971786499,outputs/MAIN1000_100_TEST_smooth/darcy/inverse/obs_pde_endpoint_stochastic_constant_global_norm100_random500_noise0_uniform100_euler_res-auto-K3-int1-w1_bc-dirichlet_zero-bcw1_ic-none-icw1_epw1_legacybc0/20260820-211619,500000000.0,0.1,/home/tat512/share/PDEdata/darcy/darcy_test_10000-128-128_smooth.mat,/home/tat512/C01Python/FM4PDE/artifacts/inverse_hard_tuning/subsets/tune/darcy_smooth.mat
smooth,darcy,16,holdout,523,3,7,0.42496752738952637,0.056968897581100464,0.7366955280303955,outputs/MAIN1000_100_TEST_smooth/darcy/inverse/obs_pde_endpoint_stochastic_constant_global_norm100_random500_noise0_uniform100_euler_res-auto-K3-int1-w1_bc-dirichlet_zero-bcw1_ic-none-icw1_epw1_legacybc0/20260820-212144,500000000.0,0.1,/home/tat512/share/PDEdata/darcy/darcy_test_10000-128-128_smooth.mat,/home/tat512/C01Python/FM4PDE/artifacts/inverse_hard_tuning/subsets/holdout/darcy_smooth.mat
smooth,darcy,17,tune,313,13,8,0.42495399713516235,0.10024387389421463,0.7103496789932251,outputs/MAIN1000_100_TEST_smooth/darcy/inverse/obs_pde_endpoint_stochastic_constant_global_norm100_random500_noise0_uniform100_euler_res-auto-K3-int1-w1_bc-dirichlet_zero-bcw1_ic-none-icw1_epw1_legacybc0/20260820-211148,500000000.0,0.1,/home/tat512/share/PDEdata/darcy/darcy_test_10000-128-128_smooth.mat,/home/tat512/C01Python/FM4PDE/artifacts/inverse_hard_tuning/subsets/tune/darcy_smooth.mat
smooth,darcy,18,holdout,119,19,8,0.4215245842933655,0.07586624473333359,0.6022377610206604,outputs/MAIN1000_100_TEST_smooth/darcy/inverse/obs_pde_endpoint_stochastic_constant_global_norm100_random500_noise0_uniform100_euler_res-auto-K3-int1-w1_bc-dirichlet_zero-bcw1_ic-none-icw1_epw1_legacybc0/20260820-210245,500000000.0,0.1,/home/tat512/share/PDEdata/darcy/darcy_test_10000-128-128_smooth.mat,/home/tat512/C01Python/FM4PDE/artifacts/inverse_hard_tuning/subsets/holdout/darcy_smooth.mat
smooth,darcy,19,tune,611,11,9,0.4149932265281677,0.09224064648151398,0.5953152179718018,outputs/MAIN1000_100_TEST_smooth/darcy/inverse/obs_pde_endpoint_stochastic_constant_global_norm100_random500_noise0_uniform100_euler_res-auto-K3-int1-w1_bc-dirichlet_zero-bcw1_ic-none-icw1_epw1_legacybc0/20260820-212521,500000000.0,0.1,/home/tat512/share/PDEdata/darcy/darcy_test_10000-128-128_smooth.mat,/home/tat512/C01Python/FM4PDE/artifacts/inverse_hard_tuning/subsets/tune/darcy_smooth.mat
smooth,darcy,20,holdout,252,12,9,0.41462552547454834,0.061363015323877335,0.7077456712722778,outputs/MAIN1000_100_TEST_smooth/darcy/inverse/obs_pde_endpoint_stochastic_constant_global_norm100_random500_noise0_uniform100_euler_res-auto-K3-int1-w1_bc-dirichlet_zero-bcw1_ic-none-icw1_epw1_legacybc0/20260820-210905,500000000.0,0.1,/home/tat512/share/PDEdata/darcy/darcy_test_10000-128-128_smooth.mat,/home/tat512/C01Python/FM4PDE/artifacts/inverse_hard_tuning/subsets/holdout/darcy_smooth.mat
smooth,nsnonbounded,1,tune,964,4,0,0.6891132593154907,0.24421729147434235,0.053829628974199295,outputs/MAIN1000_100_TEST_smooth/nsnonbounded/inverse/obs_pde_endpoint_stochastic_constant_global_norm1e+10_random500_noise0_uniform100_euler_res-secant_bc-none-bcw1_ic-none-icw1_epw1_legacybc0/20260821-005134,60000.0,0.1,/home/tat512/share/PDEdata/nsnonbounded/nsnonbounded_test_10000-128-128-10_smooth.mat,/home/tat512/C01Python/FM4PDE/artifacts/inverse_hard_tuning/subsets/tune/nsnonbounded_smooth.mat
smooth,nsnonbounded,2,holdout,905,5,0,0.6471520066261292,0.24428685009479523,0.05293993651866913,outputs/MAIN1000_100_TEST_smooth/nsnonbounded/inverse/obs_pde_endpoint_stochastic_constant_global_norm1e+10_random500_noise0_uniform100_euler_res-secant_bc-none-bcw1_ic-none-icw1_epw1_legacybc0/20260821-004007,60000.0,0.1,/home/tat512/share/PDEdata/nsnonbounded/nsnonbounded_test_10000-128-128-10_smooth.mat,/home/tat512/C01Python/FM4PDE/artifacts/inverse_hard_tuning/subsets/holdout/nsnonbounded_smooth.mat
smooth,nsnonbounded,3,tune,650,10,1,0.6342059969902039,0.49599385261535645,0.05240153148770332,outputs/MAIN1000_100_TEST_smooth/nsnonbounded/inverse/obs_pde_endpoint_stochastic_constant_global_norm1e+10_random500_noise0_uniform100_euler_res-secant_bc-none-bcw1_ic-none-icw1_epw1_legacybc0/20260820-235146,60000.0,0.1,/home/tat512/share/PDEdata/nsnonbounded/nsnonbounded_test_10000-128-128-10_smooth.mat,/home/tat512/C01Python/FM4PDE/artifacts/inverse_hard_tuning/subsets/tune/nsnonbounded_smooth.mat
smooth,nsnonbounded,4,holdout,689,9,1,0.6102409362792969,0.4323934316635132,0.05216764658689499,outputs/MAIN1000_100_TEST_smooth/nsnonbounded/inverse/obs_pde_endpoint_stochastic_constant_global_norm1e+10_random500_noise0_uniform100_euler_res-secant_bc-none-bcw1_ic-none-icw1_epw1_legacybc0/20260820-235910,60000.0,0.1,/home/tat512/share/PDEdata/nsnonbounded/nsnonbounded_test_10000-128-128-10_smooth.mat,/home/tat512/C01Python/FM4PDE/artifacts/inverse_hard_tuning/subsets/holdout/nsnonbounded_smooth.mat
smooth,nsnonbounded,5,tune,137,17,2,0.5809627175331116,0.4651474952697754,0.053627144545316696,outputs/MAIN1000_100_TEST_smooth/nsnonbounded/inverse/obs_pde_endpoint_stochastic_constant_global_norm1e+10_random500_noise0_uniform100_euler_res-secant_bc-none-bcw1_ic-none-icw1_epw1_legacybc0/20260820-225250,60000.0,0.1,/home/tat512/share/PDEdata/nsnonbounded/nsnonbounded_test_10000-128-128-10_smooth.mat,/home/tat512/C01Python/FM4PDE/artifacts/inverse_hard_tuning/subsets/tune/nsnonbounded_smooth.mat
smooth,nsnonbounded,6,holdout,301,1,2,0.5680054426193237,0.24481922388076782,0.05387360230088234,outputs/MAIN1000_100_TEST_smooth/nsnonbounded/inverse/obs_pde_endpoint_stochastic_constant_global_norm1e+10_random500_noise0_uniform100_euler_res-secant_bc-none-bcw1_ic-none-icw1_epw1_legacybc0/20260820-231037,60000.0,0.1,/home/tat512/share/PDEdata/nsnonbounded/nsnonbounded_test_10000-128-128-10_smooth.mat,/home/tat512/C01Python/FM4PDE/artifacts/inverse_hard_tuning/subsets/holdout/nsnonbounded_smooth.mat
smooth,nsnonbounded,7,tune,61,1,3,0.5671378374099731,0.27625998854637146,0.053308889269828796,outputs/MAIN1000_100_TEST_smooth/nsnonbounded/inverse/obs_pde_endpoint_stochastic_constant_global_norm1e+10_random500_noise0_uniform100_euler_res-secant_bc-none-bcw1_ic-none-icw1_epw1_legacybc0/20260820-224655,60000.0,0.1,/home/tat512/share/PDEdata/nsnonbounded/nsnonbounded_test_10000-128-128-10_smooth.mat,/home/tat512/C01Python/FM4PDE/artifacts/inverse_hard_tuning/subsets/tune/nsnonbounded_smooth.mat
smooth,nsnonbounded,8,holdout,88,8,3,0.5618881583213806,0.2584753930568695,0.05113304778933525,outputs/MAIN1000_100_TEST_smooth/nsnonbounded/inverse/obs_pde_endpoint_stochastic_constant_global_norm1e+10_random500_noise0_uniform100_euler_res-secant_bc-none-bcw1_ic-none-icw1_epw1_legacybc0/20260820-224853,60000.0,0.1,/home/tat512/share/PDEdata/nsnonbounded/nsnonbounded_test_10000-128-128-10_smooth.mat,/home/tat512/C01Python/FM4PDE/artifacts/inverse_hard_tuning/subsets/holdout/nsnonbounded_smooth.mat
smooth,nsnonbounded,9,tune,935,15,4,0.5614053010940552,0.37063658237457275,0.05253466218709946,outputs/MAIN1000_100_TEST_smooth/nsnonbounded/inverse/obs_pde_endpoint_stochastic_constant_global_norm1e+10_random500_noise0_uniform100_euler_res-secant_bc-none-bcw1_ic-none-icw1_epw1_legacybc0/20260821-004358,60000.0,0.1,/home/tat512/share/PDEdata/nsnonbounded/nsnonbounded_test_10000-128-128-10_smooth.mat,/home/tat512/C01Python/FM4PDE/artifacts/inverse_hard_tuning/subsets/tune/nsnonbounded_smooth.mat
smooth,nsnonbounded,10,holdout,423,3,4,0.5599804520606995,0.30335938930511475,0.05195716395974159,outputs/MAIN1000_100_TEST_smooth/nsnonbounded/inverse/obs_pde_endpoint_stochastic_constant_global_norm1e+10_random500_noise0_uniform100_euler_res-secant_bc-none-bcw1_ic-none-icw1_epw1_legacybc0/20260820-231832,60000.0,0.1,/home/tat512/share/PDEdata/nsnonbounded/nsnonbounded_test_10000-128-128-10_smooth.mat,/home/tat512/C01Python/FM4PDE/artifacts/inverse_hard_tuning/subsets/holdout/nsnonbounded_smooth.mat
smooth,nsnonbounded,11,tune,790,10,5,0.5440343618392944,0.3045375943183899,0.0546589232981205,outputs/MAIN1000_100_TEST_smooth/nsnonbounded/inverse/obs_pde_endpoint_stochastic_constant_global_norm1e+10_random500_noise0_uniform100_euler_res-secant_bc-none-bcw1_ic-none-icw1_epw1_legacybc0/20260821-001734,60000.0,0.1,/home/tat512/share/PDEdata/nsnonbounded/nsnonbounded_test_10000-128-128-10_smooth.mat,/home/tat512/C01Python/FM4PDE/artifacts/inverse_hard_tuning/subsets/tune/nsnonbounded_smooth.mat
smooth,nsnonbounded,12,holdout,163,3,5,0.5424308180809021,0.3507053554058075,0.051458366215229034,outputs/MAIN1000_100_TEST_smooth/nsnonbounded/inverse/obs_pde_endpoint_stochastic_constant_global_norm1e+10_random500_noise0_uniform100_euler_res-secant_bc-none-bcw1_ic-none-icw1_epw1_legacybc0/20260820-225647,60000.0,0.1,/home/tat512/share/PDEdata/nsnonbounded/nsnonbounded_test_10000-128-128-10_smooth.mat,/home/tat512/C01Python/FM4PDE/artifacts/inverse_hard_tuning/subsets/holdout/nsnonbounded_smooth.mat
smooth,nsnonbounded,13,tune,519,19,6,0.5407406091690063,0.21108445525169373,0.054939061403274536,outputs/MAIN1000_100_TEST_smooth/nsnonbounded/inverse/obs_pde_endpoint_stochastic_constant_global_norm1e+10_random500_noise0_uniform100_euler_res-secant_bc-none-bcw1_ic-none-icw1_epw1_legacybc0/20260820-232627,60000.0,0.1,/home/tat512/share/PDEdata/nsnonbounded/nsnonbounded_test_10000-128-128-10_smooth.mat,/home/tat512/C01Python/FM4PDE/artifacts/inverse_hard_tuning/subsets/tune/nsnonbounded_smooth.mat
smooth,nsnonbounded,14,holdout,979,19,6,0.5394020676612854,0.4715000092983246,0.054652001708745956,outputs/MAIN1000_100_TEST_smooth/nsnonbounded/inverse/obs_pde_endpoint_stochastic_constant_global_norm1e+10_random500_noise0_uniform100_euler_res-secant_bc-none-bcw1_ic-none-icw1_epw1_legacybc0/20260821-005134,60000.0,0.1,/home/tat512/share/PDEdata/nsnonbounded/nsnonbounded_test_10000-128-128-10_smooth.mat,/home/tat512/C01Python/FM4PDE/artifacts/inverse_hard_tuning/subsets/holdout/nsnonbounded_smooth.mat
smooth,nsnonbounded,15,tune,615,15,7,0.5336409211158752,0.26105156540870667,0.054789286106824875,outputs/MAIN1000_100_TEST_smooth/nsnonbounded/inverse/obs_pde_endpoint_stochastic_constant_global_norm1e+10_random500_noise0_uniform100_euler_res-secant_bc-none-bcw1_ic-none-icw1_epw1_legacybc0/20260820-234422,60000.0,0.1,/home/tat512/share/PDEdata/nsnonbounded/nsnonbounded_test_10000-128-128-10_smooth.mat,/home/tat512/C01Python/FM4PDE/artifacts/inverse_hard_tuning/subsets/tune/nsnonbounded_smooth.mat
smooth,nsnonbounded,16,holdout,289,9,7,0.5316968560218811,0.3942438066005707,0.05091167241334915,outputs/MAIN1000_100_TEST_smooth/nsnonbounded/inverse/obs_pde_endpoint_stochastic_constant_global_norm1e+10_random500_noise0_uniform100_euler_res-secant_bc-none-bcw1_ic-none-icw1_epw1_legacybc0/20260820-230839,60000.0,0.1,/home/tat512/share/PDEdata/nsnonbounded/nsnonbounded_test_10000-128-128-10_smooth.mat,/home/tat512/C01Python/FM4PDE/artifacts/inverse_hard_tuning/subsets/holdout/nsnonbounded_smooth.mat
smooth,nsnonbounded,17,tune,315,15,8,0.5312849879264832,0.2703801095485687,0.05504659190773964,outputs/MAIN1000_100_TEST_smooth/nsnonbounded/inverse/obs_pde_endpoint_stochastic_constant_global_norm1e+10_random500_noise0_uniform100_euler_res-secant_bc-none-bcw1_ic-none-icw1_epw1_legacybc0/20260820-231037,60000.0,0.1,/home/tat512/share/PDEdata/nsnonbounded/nsnonbounded_test_10000-128-128-10_smooth.mat,/home/tat512/C01Python/FM4PDE/artifacts/inverse_hard_tuning/subsets/tune/nsnonbounded_smooth.mat
smooth,nsnonbounded,18,holdout,411,11,8,0.5237753987312317,0.24403829872608185,0.05130838602781296,outputs/MAIN1000_100_TEST_smooth/nsnonbounded/inverse/obs_pde_endpoint_stochastic_constant_global_norm1e+10_random500_noise0_uniform100_euler_res-secant_bc-none-bcw1_ic-none-icw1_epw1_legacybc0/20260820-231633,60000.0,0.1,/home/tat512/share/PDEdata/nsnonbounded/nsnonbounded_test_10000-128-128-10_smooth.mat,/home/tat512/C01Python/FM4PDE/artifacts/inverse_hard_tuning/subsets/holdout/nsnonbounded_smooth.mat
smooth,nsnonbounded,19,tune,720,0,9,0.5193070769309998,0.24512922763824463,0.04976729676127434,outputs/MAIN1000_100_TEST_smooth/nsnonbounded/inverse/obs_pde_endpoint_stochastic_constant_global_norm1e+10_random500_noise0_uniform100_euler_res-secant_bc-none-bcw1_ic-none-icw1_epw1_legacybc0/20260821-000635,60000.0,0.1,/home/tat512/share/PDEdata/nsnonbounded/nsnonbounded_test_10000-128-128-10_smooth.mat,/home/tat512/C01Python/FM4PDE/artifacts/inverse_hard_tuning/subsets/tune/nsnonbounded_smooth.mat
smooth,nsnonbounded,20,holdout,793,13,9,0.5188522934913635,0.20814886689186096,0.05246952921152115,outputs/MAIN1000_100_TEST_smooth/nsnonbounded/inverse/obs_pde_endpoint_stochastic_constant_global_norm1e+10_random500_noise0_uniform100_euler_res-secant_bc-none-bcw1_ic-none-icw1_epw1_legacybc0/20260821-001734,60000.0,0.1,/home/tat512/share/PDEdata/nsnonbounded/nsnonbounded_test_10000-128-128-10_smooth.mat,/home/tat512/C01Python/FM4PDE/artifacts/inverse_hard_tuning/subsets/holdout/nsnonbounded_smooth.mat
rough,poisson,1,tune,787,7,0,0.8607966899871826,0.2758214473724365,0.03481154516339302,outputs/MAIN1000_100_TEST_rough/poisson/inverse/obs_pde_endpoint_stochastic_constant_pdegate-s0.8-r0_global_norm50_random500_noise0_uniform100_euler_res-auto-K3-int1-w1_bc-dirichlet_zero-bcw1_epw1/20260829-195515,360000000.0,0.3,/home/tat512/share/PDEdata/poisson/poisson_test_10000-128-128_rough.mat,/home/tat512/C01Python/FM4PDE/artifacts/inverse_hard_tuning/subsets/tune/poisson_rough.mat
rough,poisson,2,holdout,692,12,0,0.8568161725997925,0.1659431904554367,0.03937622532248497,outputs/MAIN1000_100_TEST_rough/poisson/inverse/obs_pde_endpoint_stochastic_constant_pdegate-s0.8-r0_global_norm50_random500_noise0_uniform100_euler_res-auto-K3-int1-w1_bc-dirichlet_zero-bcw1_epw1/20260829-194957,360000000.0,0.3,/home/tat512/share/PDEdata/poisson/poisson_test_10000-128-128_rough.mat,/home/tat512/C01Python/FM4PDE/artifacts/inverse_hard_tuning/subsets/holdout/poisson_rough.mat
rough,poisson,3,tune,16,16,1,0.8546145558357239,0.322674036026001,0.041026387363672256,outputs/MAIN1000_100_TEST_rough/poisson/inverse/obs_pde_endpoint_stochastic_constant_pdegate-s0.8-r0_global_norm50_random500_noise0_uniform100_euler_res-auto-K3-int1-w1_bc-dirichlet_zero-bcw1_epw1/20260829-191245,360000000.0,0.3,/home/tat512/share/PDEdata/poisson/poisson_test_10000-128-128_rough.mat,/home/tat512/C01Python/FM4PDE/artifacts/inverse_hard_tuning/subsets/tune/poisson_rough.mat
rough,poisson,4,holdout,158,18,1,0.8492902517318726,0.21907515823841095,0.0281200110912323,outputs/MAIN1000_100_TEST_rough/poisson/inverse/obs_pde_endpoint_stochastic_constant_pdegate-s0.8-r0_global_norm50_random500_noise0_uniform100_euler_res-auto-K3-int1-w1_bc-dirichlet_zero-bcw1_epw1/20260829-192030,360000000.0,0.3,/home/tat512/share/PDEdata/poisson/poisson_test_10000-128-128_rough.mat,/home/tat512/C01Python/FM4PDE/artifacts/inverse_hard_tuning/subsets/holdout/poisson_rough.mat
rough,poisson,5,tune,163,3,2,0.8461183309555054,0.33870452642440796,0.03206964209675789,outputs/MAIN1000_100_TEST_rough/poisson/inverse/obs_pde_endpoint_stochastic_constant_pdegate-s0.8-r0_global_norm50_random500_noise0_uniform100_euler_res-auto-K3-int1-w1_bc-dirichlet_zero-bcw1_epw1/20260829-192126,360000000.0,0.3,/home/tat512/share/PDEdata/poisson/poisson_test_10000-128-128_rough.mat,/home/tat512/C01Python/FM4PDE/artifacts/inverse_hard_tuning/subsets/tune/poisson_rough.mat
rough,poisson,6,holdout,322,2,2,0.8413994312286377,0.27015623450279236,0.039683014154434204,outputs/MAIN1000_100_TEST_rough/poisson/inverse/obs_pde_endpoint_stochastic_constant_pdegate-s0.8-r0_global_norm50_random500_noise0_uniform100_euler_res-auto-K3-int1-w1_bc-dirichlet_zero-bcw1_epw1/20260829-192953,360000000.0,0.3,/home/tat512/share/PDEdata/poisson/poisson_test_10000-128-128_rough.mat,/home/tat512/C01Python/FM4PDE/artifacts/inverse_hard_tuning/subsets/holdout/poisson_rough.mat
rough,poisson,7,tune,204,4,3,0.8380351066589355,0.2709340751171112,0.031327661126852036,outputs/MAIN1000_100_TEST_rough/poisson/inverse/obs_pde_endpoint_stochastic_constant_pdegate-s0.8-r0_global_norm50_random500_noise0_uniform100_euler_res-auto-K3-int1-w1_bc-dirichlet_zero-bcw1_epw1/20260829-192312,360000000.0,0.3,/home/tat512/share/PDEdata/poisson/poisson_test_10000-128-128_rough.mat,/home/tat512/C01Python/FM4PDE/artifacts/inverse_hard_tuning/subsets/tune/poisson_rough.mat
rough,poisson,8,holdout,663,3,3,0.8310227394104004,0.2388678938150406,0.034068793058395386,outputs/MAIN1000_100_TEST_rough/poisson/inverse/obs_pde_endpoint_stochastic_constant_pdegate-s0.8-r0_global_norm50_random500_noise0_uniform100_euler_res-auto-K3-int1-w1_bc-dirichlet_zero-bcw1_epw1/20260829-194844,360000000.0,0.3,/home/tat512/share/PDEdata/poisson/poisson_test_10000-128-128_rough.mat,/home/tat512/C01Python/FM4PDE/artifacts/inverse_hard_tuning/subsets/holdout/poisson_rough.mat
rough,poisson,9,tune,699,19,4,0.8288034796714783,0.14685878157615662,0.03491297736763954,outputs/MAIN1000_100_TEST_rough/poisson/inverse/obs_pde_endpoint_stochastic_constant_pdegate-s0.8-r0_global_norm50_random500_noise0_uniform100_euler_res-auto-K3-int1-w1_bc-dirichlet_zero-bcw1_epw1/20260829-194957,360000000.0,0.3,/home/tat512/share/PDEdata/poisson/poisson_test_10000-128-128_rough.mat,/home/tat512/C01Python/FM4PDE/artifacts/inverse_hard_tuning/subsets/tune/poisson_rough.mat
rough,poisson,10,holdout,24,4,4,0.8272005319595337,0.17251691222190857,0.030521640554070473,outputs/MAIN1000_100_TEST_rough/poisson/inverse/obs_pde_endpoint_stochastic_constant_pdegate-s0.8-r0_global_norm50_random500_noise0_uniform100_euler_res-auto-K3-int1-w1_bc-dirichlet_zero-bcw1_epw1/20260829-191329,360000000.0,0.3,/home/tat512/share/PDEdata/poisson/poisson_test_10000-128-128_rough.mat,/home/tat512/C01Python/FM4PDE/artifacts/inverse_hard_tuning/subsets/holdout/poisson_rough.mat
rough,poisson,11,tune,570,10,5,0.8253185153007507,0.3961639106273651,0.04919690638780594,outputs/MAIN1000_100_TEST_rough/poisson/inverse/obs_pde_endpoint_stochastic_constant_pdegate-s0.8-r0_global_norm50_random500_noise0_uniform100_euler_res-auto-K3-int1-w1_bc-dirichlet_zero-bcw1_epw1/20260829-194243,360000000.0,0.3,/home/tat512/share/PDEdata/poisson/poisson_test_10000-128-128_rough.mat,/home/tat512/C01Python/FM4PDE/artifacts/inverse_hard_tuning/subsets/tune/poisson_rough.mat
rough,poisson,12,holdout,162,2,5,0.8219665884971619,0.17941437661647797,0.04065980017185211,outputs/MAIN1000_100_TEST_rough/poisson/inverse/obs_pde_endpoint_stochastic_constant_pdegate-s0.8-r0_global_norm50_random500_noise0_uniform100_euler_res-auto-K3-int1-w1_bc-dirichlet_zero-bcw1_epw1/20260829-192126,360000000.0,0.3,/home/tat512/share/PDEdata/poisson/poisson_test_10000-128-128_rough.mat,/home/tat512/C01Python/FM4PDE/artifacts/inverse_hard_tuning/subsets/holdout/poisson_rough.mat
rough,poisson,13,tune,74,14,6,0.8155336380004883,0.16502709686756134,0.04060640186071396,outputs/MAIN1000_100_TEST_rough/poisson/inverse/obs_pde_endpoint_stochastic_constant_pdegate-s0.8-r0_global_norm50_random500_noise0_uniform100_euler_res-auto-K3-int1-w1_bc-dirichlet_zero-bcw1_epw1/20260829-191555,360000000.0,0.3,/home/tat512/share/PDEdata/poisson/poisson_test_10000-128-128_rough.mat,/home/tat512/C01Python/FM4PDE/artifacts/inverse_hard_tuning/subsets/tune/poisson_rough.mat
rough,poisson,14,holdout,453,13,6,0.811318576335907,0.20504184067249298,0.04256986454129219,outputs/MAIN1000_100_TEST_rough/poisson/inverse/obs_pde_endpoint_stochastic_constant_pdegate-s0.8-r0_global_norm50_random500_noise0_uniform100_euler_res-auto-K3-int1-w1_bc-dirichlet_zero-bcw1_epw1/20260829-193655,360000000.0,0.3,/home/tat512/share/PDEdata/poisson/poisson_test_10000-128-128_rough.mat,/home/tat512/C01Python/FM4PDE/artifacts/inverse_hard_tuning/subsets/holdout/poisson_rough.mat
rough,poisson,15,tune,543,3,7,0.8087915778160095,0.1551285833120346,0.032851479947566986,outputs/MAIN1000_100_TEST_rough/poisson/inverse/obs_pde_endpoint_stochastic_constant_pdegate-s0.8-r0_global_norm50_random500_noise0_uniform100_euler_res-auto-K3-int1-w1_bc-dirichlet_zero-bcw1_epw1/20260829-194137,360000000.0,0.3,/home/tat512/share/PDEdata/poisson/poisson_test_10000-128-128_rough.mat,/home/tat512/C01Python/FM4PDE/artifacts/inverse_hard_tuning/subsets/tune/poisson_rough.mat
rough,poisson,16,holdout,766,6,7,0.8085489273071289,0.3299255967140198,0.02924536168575287,outputs/MAIN1000_100_TEST_rough/poisson/inverse/obs_pde_endpoint_stochastic_constant_pdegate-s0.8-r0_global_norm50_random500_noise0_uniform100_euler_res-auto-K3-int1-w1_bc-dirichlet_zero-bcw1_epw1/20260829-195423,360000000.0,0.3,/home/tat512/share/PDEdata/poisson/poisson_test_10000-128-128_rough.mat,/home/tat512/C01Python/FM4PDE/artifacts/inverse_hard_tuning/subsets/holdout/poisson_rough.mat
rough,poisson,17,tune,108,8,8,0.8074502348899841,0.16730237007141113,0.042380936443805695,outputs/MAIN1000_100_TEST_rough/poisson/inverse/obs_pde_endpoint_stochastic_constant_pdegate-s0.8-r0_global_norm50_random500_noise0_uniform100_euler_res-auto-K3-int1-w1_bc-dirichlet_zero-bcw1_epw1/20260829-191821,360000000.0,0.3,/home/tat512/share/PDEdata/poisson/poisson_test_10000-128-128_rough.mat,/home/tat512/C01Python/FM4PDE/artifacts/inverse_hard_tuning/subsets/tune/poisson_rough.mat
rough,poisson,18,holdout,896,16,8,0.8068031668663025,0.2163354605436325,0.03974238410592079,outputs/MAIN1000_100_TEST_rough/poisson/inverse/obs_pde_endpoint_stochastic_constant_pdegate-s0.8-r0_global_norm50_random500_noise0_uniform100_euler_res-auto-K3-int1-w1_bc-dirichlet_zero-bcw1_epw1/20260829-200020,360000000.0,0.3,/home/tat512/share/PDEdata/poisson/poisson_test_10000-128-128_rough.mat,/home/tat512/C01Python/FM4PDE/artifacts/inverse_hard_tuning/subsets/holdout/poisson_rough.mat
rough,poisson,19,tune,902,2,9,0.8054894804954529,0.17466802895069122,0.037588994950056076,outputs/MAIN1000_100_TEST_rough/poisson/inverse/obs_pde_endpoint_stochastic_constant_pdegate-s0.8-r0_global_norm50_random500_noise0_uniform100_euler_res-auto-K3-int1-w1_bc-dirichlet_zero-bcw1_epw1/20260829-200132,360000000.0,0.3,/home/tat512/share/PDEdata/poisson/poisson_test_10000-128-128_rough.mat,/home/tat512/C01Python/FM4PDE/artifacts/inverse_hard_tuning/subsets/tune/poisson_rough.mat
rough,poisson,20,holdout,526,6,9,0.8049512505531311,0.3078310489654541,0.029024779796600342,outputs/MAIN1000_100_TEST_rough/poisson/inverse/obs_pde_endpoint_stochastic_constant_pdegate-s0.8-r0_global_norm50_random500_noise0_uniform100_euler_res-auto-K3-int1-w1_bc-dirichlet_zero-bcw1_epw1/20260829-194035,360000000.0,0.3,/home/tat512/share/PDEdata/poisson/poisson_test_10000-128-128_rough.mat,/home/tat512/C01Python/FM4PDE/artifacts/inverse_hard_tuning/subsets/holdout/poisson_rough.mat
rough,helmholtz,1,tune,226,6,0,0.9196034669876099,0.35873594880104065,0.04484046250581741,outputs/MAIN1000_100_TEST_rough/helmholtz/inverse/obs_pde_endpoint_stochastic_constant_pdegate-s0.8-r0_global_norm50_random500_noise0_uniform100_euler_res-auto-K3-int1-w1_bc-dirichlet_zero-bcw1_epw1/20260829-210413,320000000.0,0.03,/home/tat512/share/PDEdata/helmholtz/helmholtz_test_10000-128-128_rough.mat,/home/tat512/C01Python/FM4PDE/artifacts/inverse_hard_tuning/subsets/tune/helmholtz_rough.mat
rough,helmholtz,2,holdout,968,8,0,0.8991358280181885,0.2439880669116974,0.06553170830011368,outputs/MAIN1000_100_TEST_rough/helmholtz/inverse/obs_pde_endpoint_stochastic_constant_pdegate-s0.8-r0_global_norm50_random500_noise0_uniform100_euler_res-auto-K3-int1-w1_bc-dirichlet_zero-bcw1_epw1/20260829-214009,320000000.0,0.03,/home/tat512/share/PDEdata/helmholtz/helmholtz_test_10000-128-128_rough.mat,/home/tat512/C01Python/FM4PDE/artifacts/inverse_hard_tuning/subsets/holdout/helmholtz_rough.mat
rough,helmholtz,3,tune,910,10,1,0.8693116307258606,0.2706075608730316,0.07250327616930008,outputs/MAIN1000_100_TEST_rough/helmholtz/inverse/obs_pde_endpoint_stochastic_constant_pdegate-s0.8-r0_global_norm50_random500_noise0_uniform100_euler_res-auto-K3-int1-w1_bc-dirichlet_zero-bcw1_epw1/20260829-213714,320000000.0,0.03,/home/tat512/share/PDEdata/helmholtz/helmholtz_test_10000-128-128_rough.mat,/home/tat512/C01Python/FM4PDE/artifacts/inverse_hard_tuning/subsets/tune/helmholtz_rough.mat
rough,helmholtz,4,holdout,779,19,1,0.8655412793159485,0.24530638754367828,0.054276131093502045,outputs/MAIN1000_100_TEST_rough/helmholtz/inverse/obs_pde_endpoint_stochastic_constant_pdegate-s0.8-r0_global_norm50_random500_noise0_uniform100_euler_res-auto-K3-int1-w1_bc-dirichlet_zero-bcw1_epw1/20260829-213025,320000000.0,0.03,/home/tat512/share/PDEdata/helmholtz/helmholtz_test_10000-128-128_rough.mat,/home/tat512/C01Python/FM4PDE/artifacts/inverse_hard_tuning/subsets/holdout/helmholtz_rough.mat
rough,helmholtz,5,tune,651,11,2,0.8641989231109619,0.2159511148929596,0.0694357231259346,outputs/MAIN1000_100_TEST_rough/helmholtz/inverse/obs_pde_endpoint_stochastic_constant_pdegate-s0.8-r0_global_norm50_random500_noise0_uniform100_euler_res-auto-K3-int1-w1_bc-dirichlet_zero-bcw1_epw1/20260829-212436,320000000.0,0.03,/home/tat512/share/PDEdata/helmholtz/helmholtz_test_10000-128-128_rough.mat,/home/tat512/C01Python/FM4PDE/artifacts/inverse_hard_tuning/subsets/tune/helmholtz_rough.mat
rough,helmholtz,6,holdout,457,17,2,0.8582378625869751,0.13432498276233673,0.08313204348087311,outputs/MAIN1000_100_TEST_rough/helmholtz/inverse/obs_pde_endpoint_stochastic_constant_pdegate-s0.8-r0_global_norm50_random500_noise0_uniform100_euler_res-auto-K3-int1-w1_bc-dirichlet_zero-bcw1_epw1/20260829-211453,320000000.0,0.03,/home/tat512/share/PDEdata/helmholtz/helmholtz_test_10000-128-128_rough.mat,/home/tat512/C01Python/FM4PDE/artifacts/inverse_hard_tuning/subsets/holdout/helmholtz_rough.mat
rough,helmholtz,7,tune,844,4,3,0.8579891324043274,0.1496494710445404,0.07203440368175507,outputs/MAIN1000_100_TEST_rough/helmholtz/inverse/obs_pde_endpoint_stochastic_constant_pdegate-s0.8-r0_global_norm50_random500_noise0_uniform100_euler_res-auto-K3-int1-w1_bc-dirichlet_zero-bcw1_epw1/20260829-213420,320000000.0,0.03,/home/tat512/share/PDEdata/helmholtz/helmholtz_test_10000-128-128_rough.mat,/home/tat512/C01Python/FM4PDE/artifacts/inverse_hard_tuning/subsets/tune/helmholtz_rough.mat
rough,helmholtz,8,holdout,608,8,3,0.8557324409484863,0.20001885294914246,0.06985613703727722,outputs/MAIN1000_100_TEST_rough/helmholtz/inverse/obs_pde_endpoint_stochastic_constant_pdegate-s0.8-r0_global_norm50_random500_noise0_uniform100_euler_res-auto-K3-int1-w1_bc-dirichlet_zero-bcw1_epw1/20260829-212239,320000000.0,0.03,/home/tat512/share/PDEdata/helmholtz/helmholtz_test_10000-128-128_rough.mat,/home/tat512/C01Python/FM4PDE/artifacts/inverse_hard_tuning/subsets/holdout/helmholtz_rough.mat
rough,helmholtz,9,tune,974,14,4,0.8525400757789612,0.16003327071666718,0.0784589946269989,outputs/MAIN1000_100_TEST_rough/helmholtz/inverse/obs_pde_endpoint_stochastic_constant_pdegate-s0.8-r0_global_norm50_random500_noise0_uniform100_euler_res-auto-K3-int1-w1_bc-dirichlet_zero-bcw1_epw1/20260829-214009,320000000.0,0.03,/home/tat512/share/PDEdata/helmholtz/helmholtz_test_10000-128-128_rough.mat,/home/tat512/C01Python/FM4PDE/artifacts/inverse_hard_tuning/subsets/tune/helmholtz_rough.mat
rough,helmholtz,10,holdout,399,19,4,0.8491126894950867,0.2953943908214569,0.050833892077207565,outputs/MAIN1000_100_TEST_rough/helmholtz/inverse/obs_pde_endpoint_stochastic_constant_pdegate-s0.8-r0_global_norm50_random500_noise0_uniform100_euler_res-auto-K3-int1-w1_bc-dirichlet_zero-bcw1_epw1/20260829-211158,320000000.0,0.03,/home/tat512/share/PDEdata/helmholtz/helmholtz_test_10000-128-128_rough.mat,/home/tat512/C01Python/FM4PDE/artifacts/inverse_hard_tuning/subsets/holdout/helmholtz_rough.mat
rough,helmholtz,11,tune,169,9,5,0.8381068706512451,0.19309832155704498,0.05491609498858452,outputs/MAIN1000_100_TEST_rough/helmholtz/inverse/obs_pde_endpoint_stochastic_constant_pdegate-s0.8-r0_global_norm50_random500_noise0_uniform100_euler_res-auto-K3-int1-w1_bc-dirichlet_zero-bcw1_epw1/20260829-210118,320000000.0,0.03,/home/tat512/share/PDEdata/helmholtz/helmholtz_test_10000-128-128_rough.mat,/home/tat512/C01Python/FM4PDE/artifacts/inverse_hard_tuning/subsets/tune/helmholtz_rough.mat
rough,helmholtz,12,holdout,547,7,5,0.8358052372932434,0.15641571581363678,0.06429210305213928,outputs/MAIN1000_100_TEST_rough/helmholtz/inverse/obs_pde_endpoint_stochastic_constant_pdegate-s0.8-r0_global_norm50_random500_noise0_uniform100_euler_res-auto-K3-int1-w1_bc-dirichlet_zero-bcw1_epw1/20260829-211944,320000000.0,0.03,/home/tat512/share/PDEdata/helmholtz/helmholtz_test_10000-128-128_rough.mat,/home/tat512/C01Python/FM4PDE/artifacts/inverse_hard_tuning/subsets/holdout/helmholtz_rough.mat
rough,helmholtz,13,tune,589,9,6,0.8351418375968933,0.19511263072490692,0.05748778581619263,outputs/MAIN1000_100_TEST_rough/helmholtz/inverse/obs_pde_endpoint_stochastic_constant_pdegate-s0.8-r0_global_norm50_random500_noise0_uniform100_euler_res-auto-K3-int1-w1_bc-dirichlet_zero-bcw1_epw1/20260829-212141,320000000.0,0.03,/home/tat512/share/PDEdata/helmholtz/helmholtz_test_10000-128-128_rough.mat,/home/tat512/C01Python/FM4PDE/artifacts/inverse_hard_tuning/subsets/tune/helmholtz_rough.mat
rough,helmholtz,14,holdout,407,7,6,0.835059404373169,0.3237559497356415,0.05018859729170799,outputs/MAIN1000_100_TEST_rough/helmholtz/inverse/obs_pde_endpoint_stochastic_constant_pdegate-s0.8-r0_global_norm50_random500_noise0_uniform100_euler_res-auto-K3-int1-w1_bc-dirichlet_zero-bcw1_epw1/20260829-211256,320000000.0,0.03,/home/tat512/share/PDEdata/helmholtz/helmholtz_test_10000-128-128_rough.mat,/home/tat512/C01Python/FM4PDE/artifacts/inverse_hard_tuning/subsets/holdout/helmholtz_rough.mat
rough,helmholtz,15,tune,797,17,7,0.82989102602005,0.18675921857357025,0.07191622257232666,outputs/MAIN1000_100_TEST_rough/helmholtz/inverse/obs_pde_endpoint_stochastic_constant_pdegate-s0.8-r0_global_norm50_random500_noise0_uniform100_euler_res-auto-K3-int1-w1_bc-dirichlet_zero-bcw1_epw1/20260829-213124,320000000.0,0.03,/home/tat512/share/PDEdata/helmholtz/helmholtz_test_10000-128-128_rough.mat,/home/tat512/C01Python/FM4PDE/artifacts/inverse_hard_tuning/subsets/tune/helmholtz_rough.mat
rough,helmholtz,16,holdout,971,11,7,0.8290965557098389,0.18815650045871735,0.06375622004270554,outputs/MAIN1000_100_TEST_rough/helmholtz/inverse/obs_pde_endpoint_stochastic_constant_pdegate-s0.8-r0_global_norm50_random500_noise0_uniform100_euler_res-auto-K3-int1-w1_bc-dirichlet_zero-bcw1_epw1/20260829-214009,320000000.0,0.03,/home/tat512/share/PDEdata/helmholtz/helmholtz_test_10000-128-128_rough.mat,/home/tat512/C01Python/FM4PDE/artifacts/inverse_hard_tuning/subsets/holdout/helmholtz_rough.mat
rough,helmholtz,17,tune,387,7,8,0.8285520076751709,0.13248690962791443,0.06883024424314499,outputs/MAIN1000_100_TEST_rough/helmholtz/inverse/obs_pde_endpoint_stochastic_constant_pdegate-s0.8-r0_global_norm50_random500_noise0_uniform100_euler_res-auto-K3-int1-w1_bc-dirichlet_zero-bcw1_epw1/20260829-211158,320000000.0,0.03,/home/tat512/share/PDEdata/helmholtz/helmholtz_test_10000-128-128_rough.mat,/home/tat512/C01Python/FM4PDE/artifacts/inverse_hard_tuning/subsets/tune/helmholtz_rough.mat
rough,helmholtz,18,holdout,15,15,8,0.8266766667366028,0.20209936797618866,0.06850361824035645,outputs/MAIN1000_100_TEST_rough/helmholtz/inverse/obs_pde_endpoint_stochastic_constant_pdegate-s0.8-r0_global_norm50_random500_noise0_uniform100_euler_res-auto-K3-int1-w1_bc-dirichlet_zero-bcw1_epw1/20260829-205331,320000000.0,0.03,/home/tat512/share/PDEdata/helmholtz/helmholtz_test_10000-128-128_rough.mat,/home/tat512/C01Python/FM4PDE/artifacts/inverse_hard_tuning/subsets/holdout/helmholtz_rough.mat
rough,helmholtz,19,tune,888,8,9,0.8263373970985413,0.19813759624958038,0.07578808814287186,outputs/MAIN1000_100_TEST_rough/helmholtz/inverse/obs_pde_endpoint_stochastic_constant_pdegate-s0.8-r0_global_norm50_random500_noise0_uniform100_euler_res-auto-K3-int1-w1_bc-dirichlet_zero-bcw1_epw1/20260829-213616,320000000.0,0.03,/home/tat512/share/PDEdata/helmholtz/helmholtz_test_10000-128-128_rough.mat,/home/tat512/C01Python/FM4PDE/artifacts/inverse_hard_tuning/subsets/tune/helmholtz_rough.mat
rough,helmholtz,20,holdout,74,14,9,0.8237335085868835,0.30889126658439636,0.07051900774240494,outputs/MAIN1000_100_TEST_rough/helmholtz/inverse/obs_pde_endpoint_stochastic_constant_pdegate-s0.8-r0_global_norm50_random500_noise0_uniform100_euler_res-auto-K3-int1-w1_bc-dirichlet_zero-bcw1_epw1/20260829-205626,320000000.0,0.03,/home/tat512/share/PDEdata/helmholtz/helmholtz_test_10000-128-128_rough.mat,/home/tat512/C01Python/FM4PDE/artifacts/inverse_hard_tuning/subsets/holdout/helmholtz_rough.mat
rough,darcy,1,tune,769,9,0,0.6539717316627502,0.07337421923875809,0.7571648359298706,outputs/MAIN1000_100_TEST_rough/darcy/inverse/obs_pde_endpoint_stochastic_constant_pdegate-s0.8-r0_global_norm50_random500_noise0_uniform100_euler_res-auto-K3-int1-w1_bc-dirichlet_zero-bcw1_epw1/20260829-222602,2000000000.0,0.03,/home/tat512/share/PDEdata/darcy/darcy_test_10000-128-128_rough.mat,/home/tat512/C01Python/FM4PDE/artifacts/inverse_hard_tuning/subsets/tune/darcy_rough.mat
rough,darcy,2,holdout,74,14,0,0.5997181534767151,0.09038222581148148,0.7658022046089172,outputs/MAIN1000_100_TEST_rough/darcy/inverse/obs_pde_endpoint_stochastic_constant_pdegate-s0.8-r0_global_norm50_random500_noise0_uniform100_euler_res-auto-K3-int1-w1_bc-dirichlet_zero-bcw1_epw1/20260829-220141,2000000000.0,0.03,/home/tat512/share/PDEdata/darcy/darcy_test_10000-128-128_rough.mat,/home/tat512/C01Python/FM4PDE/artifacts/inverse_hard_tuning/subsets/holdout/darcy_rough.mat
rough,darcy,3,tune,332,12,1,0.5918892025947571,0.07098082453012466,0.6901227831840515,outputs/MAIN1000_100_TEST_rough/darcy/inverse/obs_pde_endpoint_stochastic_constant_pdegate-s0.8-r0_global_norm50_random500_noise0_uniform100_euler_res-auto-K3-int1-w1_bc-dirichlet_zero-bcw1_epw1/20260829-221043,2000000000.0,0.03,/home/tat512/share/PDEdata/darcy/darcy_test_10000-128-128_rough.mat,/home/tat512/C01Python/FM4PDE/artifacts/inverse_hard_tuning/subsets/tune/darcy_rough.mat
rough,darcy,4,holdout,747,7,1,0.5851932168006897,0.08622385561466217,0.8083930611610413,outputs/MAIN1000_100_TEST_rough/darcy/inverse/obs_pde_endpoint_stochastic_constant_pdegate-s0.8-r0_global_norm50_random500_noise0_uniform100_euler_res-auto-K3-int1-w1_bc-dirichlet_zero-bcw1_epw1/20260829-222520,2000000000.0,0.03,/home/tat512/share/PDEdata/darcy/darcy_test_10000-128-128_rough.mat,/home/tat512/C01Python/FM4PDE/artifacts/inverse_hard_tuning/subsets/holdout/darcy_rough.mat
rough,darcy,5,tune,844,4,2,0.5819284915924072,0.07194360345602036,0.7279375791549683,outputs/MAIN1000_100_TEST_rough/darcy/inverse/obs_pde_endpoint_stochastic_constant_pdegate-s0.8-r0_global_norm50_random500_noise0_uniform100_euler_res-auto-K3-int1-w1_bc-dirichlet_zero-bcw1_epw1/20260829-222849,2000000000.0,0.03,/home/tat512/share/PDEdata/darcy/darcy_test_10000-128-128_rough.mat,/home/tat512/C01Python/FM4PDE/artifacts/inverse_hard_tuning/subsets/tune/darcy_rough.mat
rough,darcy,6,holdout,44,4,2,0.5810866355895996,0.08127125352621078,0.8192821145057678,outputs/MAIN1000_100_TEST_rough/darcy/inverse/obs_pde_endpoint_stochastic_constant_pdegate-s0.8-r0_global_norm50_random500_noise0_uniform100_euler_res-auto-K3-int1-w1_bc-dirichlet_zero-bcw1_epw1/20260829-220059,2000000000.0,0.03,/home/tat512/share/PDEdata/darcy/darcy_test_10000-128-128_rough.mat,/home/tat512/C01Python/FM4PDE/artifacts/inverse_hard_tuning/subsets/holdout/darcy_rough.mat
rough,darcy,7,tune,894,14,3,0.5755489468574524,0.06672286242246628,0.8762473464012146,outputs/MAIN1000_100_TEST_rough/darcy/inverse/obs_pde_endpoint_stochastic_constant_pdegate-s0.8-r0_global_norm50_random500_noise0_uniform100_euler_res-auto-K3-int1-w1_bc-dirichlet_zero-bcw1_epw1/20260829-223012,2000000000.0,0.03,/home/tat512/share/PDEdata/darcy/darcy_test_10000-128-128_rough.mat,/home/tat512/C01Python/FM4PDE/artifacts/inverse_hard_tuning/subsets/tune/darcy_rough.mat
rough,darcy,8,holdout,231,11,3,0.5754707455635071,0.07982190698385239,0.7380327582359314,outputs/MAIN1000_100_TEST_rough/darcy/inverse/obs_pde_endpoint_stochastic_constant_pdegate-s0.8-r0_global_norm50_random500_noise0_uniform100_euler_res-auto-K3-int1-w1_bc-dirichlet_zero-bcw1_epw1/20260829-220715,2000000000.0,0.03,/home/tat512/share/PDEdata/darcy/darcy_test_10000-128-128_rough.mat,/home/tat512/C01Python/FM4PDE/artifacts/inverse_hard_tuning/subsets/holdout/darcy_rough.mat
rough,darcy,9,tune,770,10,4,0.5752450227737427,0.05351324751973152,0.7659328579902649,outputs/MAIN1000_100_TEST_rough/darcy/inverse/obs_pde_endpoint_stochastic_constant_pdegate-s0.8-r0_global_norm50_random500_noise0_uniform100_euler_res-auto-K3-int1-w1_bc-dirichlet_zero-bcw1_epw1/20260829-222602,2000000000.0,0.03,/home/tat512/share/PDEdata/darcy/darcy_test_10000-128-128_rough.mat,/home/tat512/C01Python/FM4PDE/artifacts/inverse_hard_tuning/subsets/tune/darcy_rough.mat
rough,darcy,10,holdout,347,7,4,0.5747787356376648,0.07889126241207123,0.8156803846359253,outputs/MAIN1000_100_TEST_rough/darcy/inverse/obs_pde_endpoint_stochastic_constant_pdegate-s0.8-r0_global_norm50_random500_noise0_uniform100_euler_res-auto-K3-int1-w1_bc-dirichlet_zero-bcw1_epw1/20260829-221125,2000000000.0,0.03,/home/tat512/share/PDEdata/darcy/darcy_test_10000-128-128_rough.mat,/home/tat512/C01Python/FM4PDE/artifacts/inverse_hard_tuning/subsets/holdout/darcy_rough.mat
rough,darcy,11,tune,77,17,5,0.5735794901847839,0.06774844229221344,0.8829867839813232,outputs/MAIN1000_100_TEST_rough/darcy/inverse/obs_pde_endpoint_stochastic_constant_pdegate-s0.8-r0_global_norm50_random500_noise0_uniform100_euler_res-auto-K3-int1-w1_bc-dirichlet_zero-bcw1_epw1/20260829-220141,2000000000.0,0.03,/home/tat512/share/PDEdata/darcy/darcy_test_10000-128-128_rough.mat,/home/tat512/C01Python/FM4PDE/artifacts/inverse_hard_tuning/subsets/tune/darcy_rough.mat
rough,darcy,12,holdout,809,9,5,0.5666558146476746,0.06809227913618088,0.6516769528388977,outputs/MAIN1000_100_TEST_rough/darcy/inverse/obs_pde_endpoint_stochastic_constant_pdegate-s0.8-r0_global_norm50_random500_noise0_uniform100_euler_res-auto-K3-int1-w1_bc-dirichlet_zero-bcw1_epw1/20260829-222726,2000000000.0,0.03,/home/tat512/share/PDEdata/darcy/darcy_test_10000-128-128_rough.mat,/home/tat512/C01Python/FM4PDE/artifacts/inverse_hard_tuning/subsets/holdout/darcy_rough.mat
rough,darcy,13,tune,241,1,6,0.5665812492370605,0.0652105063199997,0.6564816832542419,outputs/MAIN1000_100_TEST_rough/darcy/inverse/obs_pde_endpoint_stochastic_constant_pdegate-s0.8-r0_global_norm50_random500_noise0_uniform100_euler_res-auto-K3-int1-w1_bc-dirichlet_zero-bcw1_epw1/20260829-220756,2000000000.0,0.03,/home/tat512/share/PDEdata/darcy/darcy_test_10000-128-128_rough.mat,/home/tat512/C01Python/FM4PDE/artifacts/inverse_hard_tuning/subsets/tune/darcy_rough.mat
rough,darcy,14,holdout,226,6,6,0.5615218877792358,0.06863130629062653,0.7968043684959412,outputs/MAIN1000_100_TEST_rough/darcy/inverse/obs_pde_endpoint_stochastic_constant_pdegate-s0.8-r0_global_norm50_random500_noise0_uniform100_euler_res-auto-K3-int1-w1_bc-dirichlet_zero-bcw1_epw1/20260829-220715,2000000000.0,0.03,/home/tat512/share/PDEdata/darcy/darcy_test_10000-128-128_rough.mat,/home/tat512/C01Python/FM4PDE/artifacts/inverse_hard_tuning/subsets/holdout/darcy_rough.mat
rough,darcy,15,tune,452,12,7,0.5604778528213501,0.07345975935459137,0.9708424210548401,outputs/MAIN1000_100_TEST_rough/darcy/inverse/obs_pde_endpoint_stochastic_constant_pdegate-s0.8-r0_global_norm50_random500_noise0_uniform100_euler_res-auto-K3-int1-w1_bc-dirichlet_zero-bcw1_epw1/20260829-221454,2000000000.0,0.03,/home/tat512/share/PDEdata/darcy/darcy_test_10000-128-128_rough.mat,/home/tat512/C01Python/FM4PDE/artifacts/inverse_hard_tuning/subsets/tune/darcy_rough.mat
rough,darcy,16,holdout,970,10,7,0.5604056715965271,0.08213040232658386,0.7187493443489075,outputs/MAIN1000_100_TEST_rough/darcy/inverse/obs_pde_endpoint_stochastic_constant_pdegate-s0.8-r0_global_norm50_random500_noise0_uniform100_euler_res-auto-K3-int1-w1_bc-dirichlet_zero-bcw1_epw1/20260829-223259,2000000000.0,0.03,/home/tat512/share/PDEdata/darcy/darcy_test_10000-128-128_rough.mat,/home/tat512/C01Python/FM4PDE/artifacts/inverse_hard_tuning/subsets/holdout/darcy_rough.mat
rough,darcy,17,tune,753,13,8,0.5599766969680786,0.07180362194776535,0.801277756690979,outputs/MAIN1000_100_TEST_rough/darcy/inverse/obs_pde_endpoint_stochastic_constant_pdegate-s0.8-r0_global_norm50_random500_noise0_uniform100_euler_res-auto-K3-int1-w1_bc-dirichlet_zero-bcw1_epw1/20260829-222520,2000000000.0,0.03,/home/tat512/share/PDEdata/darcy/darcy_test_10000-128-128_rough.mat,/home/tat512/C01Python/FM4PDE/artifacts/inverse_hard_tuning/subsets/tune/darcy_rough.mat
rough,darcy,18,holdout,407,7,8,0.5596832036972046,0.06581991910934448,0.731065571308136,outputs/MAIN1000_100_TEST_rough/darcy/inverse/obs_pde_endpoint_stochastic_constant_pdegate-s0.8-r0_global_norm50_random500_noise0_uniform100_euler_res-auto-K3-int1-w1_bc-dirichlet_zero-bcw1_epw1/20260829-221330,2000000000.0,0.03,/home/tat512/share/PDEdata/darcy/darcy_test_10000-128-128_rough.mat,/home/tat512/C01Python/FM4PDE/artifacts/inverse_hard_tuning/subsets/holdout/darcy_rough.mat
rough,darcy,19,tune,892,12,9,0.5581989288330078,0.06707634031772614,0.8217178583145142,outputs/MAIN1000_100_TEST_rough/darcy/inverse/obs_pde_endpoint_stochastic_constant_pdegate-s0.8-r0_global_norm50_random500_noise0_uniform100_euler_res-auto-K3-int1-w1_bc-dirichlet_zero-bcw1_epw1/20260829-223012,2000000000.0,0.03,/home/tat512/share/PDEdata/darcy/darcy_test_10000-128-128_rough.mat,/home/tat512/C01Python/FM4PDE/artifacts/inverse_hard_tuning/subsets/tune/darcy_rough.mat
rough,darcy,20,holdout,259,19,9,0.5533316731452942,0.08124782145023346,0.7934420704841614,outputs/MAIN1000_100_TEST_rough/darcy/inverse/obs_pde_endpoint_stochastic_constant_pdegate-s0.8-r0_global_norm50_random500_noise0_uniform100_euler_res-auto-K3-int1-w1_bc-dirichlet_zero-bcw1_epw1/20260829-220756,2000000000.0,0.03,/home/tat512/share/PDEdata/darcy/darcy_test_10000-128-128_rough.mat,/home/tat512/C01Python/FM4PDE/artifacts/inverse_hard_tuning/subsets/holdout/darcy_rough.mat
rough,nsnonbounded,1,tune,547,7,0,0.9764536023139954,0.9206929802894592,0.0556451641023159,outputs/MAIN1000_100_TEST_rough/nsnonbounded/inverse/obs_pde_endpoint_stochastic_constant_pdegate-s0.8-r0_global_norm50_random500_noise0_uniform100_euler_res-secant_bc-none-bcw1_epw1/20260829-234609,240000.0,0.3,/home/tat512/share/PDEdata/nsnonbounded/nsnonbounded_test_10000-128-128-10_rough.mat,/home/tat512/C01Python/FM4PDE/artifacts/inverse_hard_tuning/subsets/tune/nsnonbounded_rough.mat
rough,nsnonbounded,2,holdout,551,11,0,0.9571910500526428,0.8483738303184509,0.05168177932500839,outputs/MAIN1000_100_TEST_rough/nsnonbounded/inverse/obs_pde_endpoint_stochastic_constant_pdegate-s0.8-r0_global_norm50_random500_noise0_uniform100_euler_res-secant_bc-none-bcw1_epw1/20260829-234609,240000.0,0.3,/home/tat512/share/PDEdata/nsnonbounded/nsnonbounded_test_10000-128-128-10_rough.mat,/home/tat512/C01Python/FM4PDE/artifacts/inverse_hard_tuning/subsets/holdout/nsnonbounded_rough.mat
rough,nsnonbounded,3,tune,527,7,1,0.9485169649124146,0.786299467086792,0.058809489011764526,outputs/MAIN1000_100_TEST_rough/nsnonbounded/inverse/obs_pde_endpoint_stochastic_constant_pdegate-s0.8-r0_global_norm50_random500_noise0_uniform100_euler_res-secant_bc-none-bcw1_epw1/20260829-234435,240000.0,0.3,/home/tat512/share/PDEdata/nsnonbounded/nsnonbounded_test_10000-128-128-10_rough.mat,/home/tat512/C01Python/FM4PDE/artifacts/inverse_hard_tuning/subsets/tune/nsnonbounded_rough.mat
rough,nsnonbounded,4,holdout,667,7,1,0.9445794820785522,0.8946695923805237,0.05671912431716919,outputs/MAIN1000_100_TEST_rough/nsnonbounded/inverse/obs_pde_endpoint_stochastic_constant_pdegate-s0.8-r0_global_norm50_random500_noise0_uniform100_euler_res-secant_bc-none-bcw1_epw1/20260829-235534,240000.0,0.3,/home/tat512/share/PDEdata/nsnonbounded/nsnonbounded_test_10000-128-128-10_rough.mat,/home/tat512/C01Python/FM4PDE/artifacts/inverse_hard_tuning/subsets/holdout/nsnonbounded_rough.mat
rough,nsnonbounded,5,tune,767,7,2,0.9421865344047546,0.826126754283905,0.05854786932468414,outputs/MAIN1000_100_TEST_rough/nsnonbounded/inverse/obs_pde_endpoint_stochastic_constant_pdegate-s0.8-r0_global_norm50_random500_noise0_uniform100_euler_res-secant_bc-none-bcw1_epw1/20260830-000324,240000.0,0.3,/home/tat512/share/PDEdata/nsnonbounded/nsnonbounded_test_10000-128-128-10_rough.mat,/home/tat512/C01Python/FM4PDE/artifacts/inverse_hard_tuning/subsets/tune/nsnonbounded_rough.mat
rough,nsnonbounded,6,holdout,228,8,2,0.9318023324012756,0.789341151714325,0.05127566680312157,outputs/MAIN1000_100_TEST_rough/nsnonbounded/inverse/obs_pde_endpoint_stochastic_constant_pdegate-s0.8-r0_global_norm50_random500_noise0_uniform100_euler_res-secant_bc-none-bcw1_epw1/20260829-232107,240000.0,0.3,/home/tat512/share/PDEdata/nsnonbounded/nsnonbounded_test_10000-128-128-10_rough.mat,/home/tat512/C01Python/FM4PDE/artifacts/inverse_hard_tuning/subsets/holdout/nsnonbounded_rough.mat
rough,nsnonbounded,7,tune,987,7,3,0.9299269914627075,0.7529404163360596,0.057743679732084274,outputs/MAIN1000_100_TEST_rough/nsnonbounded/inverse/obs_pde_endpoint_stochastic_constant_pdegate-s0.8-r0_global_norm50_random500_noise0_uniform100_euler_res-secant_bc-none-bcw1_epw1/20260830-002040,240000.0,0.3,/home/tat512/share/PDEdata/nsnonbounded/nsnonbounded_test_10000-128-128-10_rough.mat,/home/tat512/C01Python/FM4PDE/artifacts/inverse_hard_tuning/subsets/tune/nsnonbounded_rough.mat
rough,nsnonbounded,8,holdout,627,7,3,0.9292308688163757,0.7602472901344299,0.059048641473054886,outputs/MAIN1000_100_TEST_rough/nsnonbounded/inverse/obs_pde_endpoint_stochastic_constant_pdegate-s0.8-r0_global_norm50_random500_noise0_uniform100_euler_res-secant_bc-none-bcw1_epw1/20260829-235226,240000.0,0.3,/home/tat512/share/PDEdata/nsnonbounded/nsnonbounded_test_10000-128-128-10_rough.mat,/home/tat512/C01Python/FM4PDE/artifacts/inverse_hard_tuning/subsets/holdout/nsnonbounded_rough.mat
rough,nsnonbounded,9,tune,247,7,4,0.9127471446990967,0.8288084864616394,0.055617738515138626,outputs/MAIN1000_100_TEST_rough/nsnonbounded/inverse/obs_pde_endpoint_stochastic_constant_pdegate-s0.8-r0_global_norm50_random500_noise0_uniform100_euler_res-secant_bc-none-bcw1_epw1/20260829-232240,240000.0,0.3,/home/tat512/share/PDEdata/nsnonbounded/nsnonbounded_test_10000-128-128-10_rough.mat,/home/tat512/C01Python/FM4PDE/artifacts/inverse_hard_tuning/subsets/tune/nsnonbounded_rough.mat
rough,nsnonbounded,10,holdout,451,11,4,0.911051869392395,0.7893519401550293,0.05339091643691063,outputs/MAIN1000_100_TEST_rough/nsnonbounded/inverse/obs_pde_endpoint_stochastic_constant_pdegate-s0.8-r0_global_norm50_random500_noise0_uniform100_euler_res-secant_bc-none-bcw1_epw1/20260829-233818,240000.0,0.3,/home/tat512/share/PDEdata/nsnonbounded/nsnonbounded_test_10000-128-128-10_rough.mat,/home/tat512/C01Python/FM4PDE/artifacts/inverse_hard_tuning/subsets/holdout/nsnonbounded_rough.mat
rough,nsnonbounded,11,tune,731,11,5,0.9087241291999817,0.7521150708198547,0.05348945036530495,outputs/MAIN1000_100_TEST_rough/nsnonbounded/inverse/obs_pde_endpoint_stochastic_constant_pdegate-s0.8-r0_global_norm50_random500_noise0_uniform100_euler_res-secant_bc-none-bcw1_epw1/20260830-000016,240000.0,0.3,/home/tat512/share/PDEdata/nsnonbounded/nsnonbounded_test_10000-128-128-10_rough.mat,/home/tat512/C01Python/FM4PDE/artifacts/inverse_hard_tuning/subsets/tune/nsnonbounded_rough.mat
rough,nsnonbounded,12,holdout,271,11,5,0.9069061875343323,0.8301573991775513,0.05235672742128372,outputs/MAIN1000_100_TEST_rough/nsnonbounded/inverse/obs_pde_endpoint_stochastic_constant_pdegate-s0.8-r0_global_norm50_random500_noise0_uniform100_euler_res-secant_bc-none-bcw1_epw1/20260829-232414,240000.0,0.3,/home/tat512/share/PDEdata/nsnonbounded/nsnonbounded_test_10000-128-128-10_rough.mat,/home/tat512/C01Python/FM4PDE/artifacts/inverse_hard_tuning/subsets/holdout/nsnonbounded_rough.mat
rough,nsnonbounded,13,tune,771,11,6,0.9063001871109009,0.7873256206512451,0.05407105013728142,outputs/MAIN1000_100_TEST_rough/nsnonbounded/inverse/obs_pde_endpoint_stochastic_constant_pdegate-s0.8-r0_global_norm50_random500_noise0_uniform100_euler_res-secant_bc-none-bcw1_epw1/20260830-000324,240000.0,0.3,/home/tat512/share/PDEdata/nsnonbounded/nsnonbounded_test_10000-128-128-10_rough.mat,/home/tat512/C01Python/FM4PDE/artifacts/inverse_hard_tuning/subsets/tune/nsnonbounded_rough.mat
rough,nsnonbounded,14,holdout,531,11,6,0.906198263168335,0.7538390755653381,0.05250270292162895,outputs/MAIN1000_100_TEST_rough/nsnonbounded/inverse/obs_pde_endpoint_stochastic_constant_pdegate-s0.8-r0_global_norm50_random500_noise0_uniform100_euler_res-secant_bc-none-bcw1_epw1/20260829-234435,240000.0,0.3,/home/tat512/share/PDEdata/nsnonbounded/nsnonbounded_test_10000-128-128-10_rough.mat,/home/tat512/C01Python/FM4PDE/artifacts/inverse_hard_tuning/subsets/holdout/nsnonbounded_rough.mat
rough,nsnonbounded,15,tune,808,8,7,0.902974545955658,0.829851508140564,0.052975405007600784,outputs/MAIN1000_100_TEST_rough/nsnonbounded/inverse/obs_pde_endpoint_stochastic_constant_pdegate-s0.8-r0_global_norm50_random500_noise0_uniform100_euler_res-secant_bc-none-bcw1_epw1/20260830-000632,240000.0,0.3,/home/tat512/share/PDEdata/nsnonbounded/nsnonbounded_test_10000-128-128-10_rough.mat,/home/tat512/C01Python/FM4PDE/artifacts/inverse_hard_tuning/subsets/tune/nsnonbounded_rough.mat
rough,nsnonbounded,16,holdout,427,7,7,0.9025535583496094,0.7807721495628357,0.059181176126003265,outputs/MAIN1000_100_TEST_rough/nsnonbounded/inverse/obs_pde_endpoint_stochastic_constant_pdegate-s0.8-r0_global_norm50_random500_noise0_uniform100_euler_res-secant_bc-none-bcw1_epw1/20260829-233644,240000.0,0.3,/home/tat512/share/PDEdata/nsnonbounded/nsnonbounded_test_10000-128-128-10_rough.mat,/home/tat512/C01Python/FM4PDE/artifacts/inverse_hard_tuning/subsets/holdout/nsnonbounded_rough.mat
rough,nsnonbounded,17,tune,103,3,8,0.8964285850524902,0.8507787585258484,0.05322214588522911,outputs/MAIN1000_100_TEST_rough/nsnonbounded/inverse/obs_pde_endpoint_stochastic_constant_pdegate-s0.8-r0_global_norm50_random500_noise0_uniform100_euler_res-secant_bc-none-bcw1_epw1/20260829-231143,240000.0,0.3,/home/tat512/share/PDEdata/nsnonbounded/nsnonbounded_test_10000-128-128-10_rough.mat,/home/tat512/C01Python/FM4PDE/artifacts/inverse_hard_tuning/subsets/tune/nsnonbounded_rough.mat
rough,nsnonbounded,18,holdout,167,7,8,0.8947455883026123,0.7569449543952942,0.05950058251619339,outputs/MAIN1000_100_TEST_rough/nsnonbounded/inverse/obs_pde_endpoint_stochastic_constant_pdegate-s0.8-r0_global_norm50_random500_noise0_uniform100_euler_res-secant_bc-none-bcw1_epw1/20260829-231625,240000.0,0.3,/home/tat512/share/PDEdata/nsnonbounded/nsnonbounded_test_10000-128-128-10_rough.mat,/home/tat512/C01Python/FM4PDE/artifacts/inverse_hard_tuning/subsets/holdout/nsnonbounded_rough.mat
rough,nsnonbounded,19,tune,567,7,9,0.8945701718330383,0.7456303238868713,0.05885384604334831,outputs/MAIN1000_100_TEST_rough/nsnonbounded/inverse/obs_pde_endpoint_stochastic_constant_pdegate-s0.8-r0_global_norm50_random500_noise0_uniform100_euler_res-secant_bc-none-bcw1_epw1/20260829-234743,240000.0,0.3,/home/tat512/share/PDEdata/nsnonbounded/nsnonbounded_test_10000-128-128-10_rough.mat,/home/tat512/C01Python/FM4PDE/artifacts/inverse_hard_tuning/subsets/tune/nsnonbounded_rough.mat
rough,nsnonbounded,20,holdout,407,7,9,0.8942276835441589,0.7004699110984802,0.06105200573801994,outputs/MAIN1000_100_TEST_rough/nsnonbounded/inverse/obs_pde_endpoint_stochastic_constant_pdegate-s0.8-r0_global_norm50_random500_noise0_uniform100_euler_res-secant_bc-none-bcw1_epw1/20260829-233511,240000.0,0.3,/home/tat512/share/PDEdata/nsnonbounded/nsnonbounded_test_10000-128-128-10_rough.mat,/home/tat512/C01Python/FM4PDE/artifacts/inverse_hard_tuning/subsets/holdout/nsnonbounded_rough.mat
